-- phpMyAdmin SQL Dump
-- version 5.0.2
-- https://www.phpmyadmin.net/
--
-- Servidor: 127.0.0.1:3306
-- Tiempo de generación: 12-03-2021 a las 23:22:18
-- Versión del servidor: 5.7.31
-- Versión de PHP: 7.3.21

SET SQL_MODE = "NO_AUTO_VALUE_ON_ZERO";
START TRANSACTION;
SET time_zone = "+00:00";


/*!40101 SET @OLD_CHARACTER_SET_CLIENT=@@CHARACTER_SET_CLIENT */;
/*!40101 SET @OLD_CHARACTER_SET_RESULTS=@@CHARACTER_SET_RESULTS */;
/*!40101 SET @OLD_COLLATION_CONNECTION=@@COLLATION_CONNECTION */;
/*!40101 SET NAMES utf8mb4 */;

--
-- Base de datos: `laestancia`
--

-- --------------------------------------------------------

--
-- Estructura de tabla para la tabla `cajas`
--

DROP TABLE IF EXISTS `cajas`;
CREATE TABLE IF NOT EXISTS `cajas` (
  `num_caja` int(11) NOT NULL,
  `fecha_apertura` datetime DEFAULT NULL,
  `estado` varchar(1) NOT NULL,
  `fecha_cierre` datetime DEFAULT NULL,
  PRIMARY KEY (`num_caja`)
) ENGINE=MyISAM DEFAULT CHARSET=utf8;

--
-- Volcado de datos para la tabla `cajas`
--

INSERT INTO `cajas` (`num_caja`, `fecha_apertura`, `estado`, `fecha_cierre`) VALUES
(1, '2021-03-02 20:26:20', 'c', '2021-03-03 01:23:37'),
(2, '2021-03-03 01:24:15', 'c', '2021-03-04 11:38:36'),
(3, '2021-03-04 19:37:56', 'c', '2021-03-05 01:31:55'),
(4, '2021-03-05 21:05:12', 'c', '2021-03-06 02:53:31'),
(5, '2021-03-06 03:12:34', 'c', '2021-03-06 21:02:45'),
(6, '2021-03-06 21:02:47', 'c', '2021-03-07 02:55:43'),
(7, '2021-03-07 21:09:19', 'c', '2021-03-08 01:04:22'),
(8, '2021-03-08 20:56:13', 'c', '2021-03-09 02:00:07'),
(9, '2021-03-10 21:16:34', 'c', '2021-03-11 04:01:03'),
(10, '2021-03-11 20:41:25', 'c', '2021-03-12 02:23:52'),
(11, '2021-03-12 19:53:04', 'a', NULL);

-- --------------------------------------------------------

--
-- Estructura de tabla para la tabla `caja_chica`
--

DROP TABLE IF EXISTS `caja_chica`;
CREATE TABLE IF NOT EXISTS `caja_chica` (
  `ingreso` decimal(10,2) DEFAULT '0.00',
  `egreso` decimal(10,2) DEFAULT '0.00',
  `detalle` varchar(300) DEFAULT NULL,
  `caja` int(11) DEFAULT NULL,
  `comanda` int(11) DEFAULT NULL,
  `tipo` varchar(100) DEFAULT NULL,
  `fecha` datetime DEFAULT NULL,
  `pago` varchar(100) DEFAULT NULL,
  KEY `fk_caja` (`caja`)
) ENGINE=MyISAM DEFAULT CHARSET=utf8;

--
-- Volcado de datos para la tabla `caja_chica`
--

INSERT INTO `caja_chica` (`ingreso`, `egreso`, `detalle`, `caja`, `comanda`, `tipo`, `fecha`, `pago`) VALUES
('1420.00', '0.00', '', 1, NULL, '', NULL, 'EFECTIVO'),
('0.00', '1490.00', ' limpieza', 1, NULL, 'LIMPIEZA NICO', '2021-03-02 21:29:22', ''),
('1490.00', '0.00', ' limpiza', 1, NULL, 'LIMPIEZA NICO', '2021-03-02 21:31:41', ''),
('650.00', '0.00', '', 1, NULL, '', NULL, 'EFECTIVO'),
('320.00', '0.00', '', 1, NULL, '', NULL, 'EFECTIVO'),
('1280.00', '0.00', '', 1, NULL, '', NULL, 'EFECTIVO'),
('650.00', '0.00', '', 1, NULL, '', NULL, 'EFECTIVO'),
('1370.00', '0.00', '', 1, NULL, '', NULL, 'POSNET'),
('1040.00', '0.00', '', 1, NULL, '', NULL, 'EFECTIVO'),
('590.00', '0.00', '', 1, NULL, '', NULL, 'EFECTIVO'),
('1050.00', '0.00', '', 1, NULL, '', NULL, 'EFECTIVO'),
('3120.00', '0.00', '', 1, NULL, '', NULL, 'POSNET'),
('1020.00', '0.00', '', 1, NULL, '', NULL, 'EFECTIVO'),
('0.00', '400.00', 'pago', 1, NULL, 'RAFAEL MANGIAFICO', '2021-03-02 23:23:14', ''),
('970.00', '0.00', '', 1, NULL, '', NULL, 'EFECTIVO'),
('1840.00', '0.00', '', 1, NULL, '', NULL, 'EFECTIVO'),
('0.00', '115.00', ' rafa', 1, NULL, 'VERDULERIA LA ECONOMICA', '2021-03-02 23:45:31', ''),
('1300.00', '0.00', '', 1, NULL, '', NULL, 'EFECTIVO'),
('1420.00', '0.00', '', 1, NULL, '', NULL, 'EFECTIVO'),
('1620.00', '0.00', '', 1, NULL, '', NULL, 'EFECTIVO'),
('2360.00', '0.00', '', 1, NULL, '', NULL, 'EFECTIVO'),
('680.00', '0.00', '', 1, NULL, '', NULL, 'EFECTIVO'),
('1320.00', '0.00', '', 1, NULL, '', NULL, 'EFECTIVO'),
('1360.00', '0.00', '', 1, NULL, '', NULL, 'EFECTIVO'),
('1450.00', '0.00', '', 1, NULL, '', NULL, 'EFECTIVO'),
('990.00', '0.00', '', 1, NULL, '', NULL, 'EFECTIVO'),
('1550.00', '0.00', '', 1, NULL, '', NULL, 'EFECTIVO'),
('0.00', '1600.00', ' pizza', 1, NULL, 'PAN CONEJO', '2021-03-03 00:24:54', ''),
('1600.00', '0.00', ' pizaa\r\n', 1, NULL, 'PAN CONEJO', '2021-03-03 00:25:59', ''),
('0.00', '700.00', ' Belen caseres', 1, NULL, 'BELEN CACERES', '2021-03-03 01:16:58', ''),
('0.00', '910.00', ' BELEN MOZA', 1, NULL, 'BELEN PEREZ', '2021-03-03 01:17:52', ''),
('2180.00', '0.00', '', 2, NULL, '', NULL, 'EFECTIVO'),
('1100.00', '0.00', '', 2, NULL, '', NULL, 'EFECTIVO'),
('2040.00', '0.00', '', 2, NULL, '', NULL, 'POSNET'),
('720.00', '0.00', '', 2, NULL, '', NULL, 'EFECTIVO'),
('1170.00', '0.00', '', 2, NULL, '', NULL, 'EFECTIVO'),
('1130.00', '0.00', '', 2, NULL, '', NULL, 'EFECTIVO'),
('820.00', '0.00', '', 2, NULL, '', NULL, 'EFECTIVO'),
('1710.00', '0.00', '', 2, NULL, '', NULL, 'EFECTIVO'),
('1650.00', '0.00', '', 2, NULL, '', NULL, 'EFECTIVO'),
('1470.00', '0.00', '', 2, NULL, '', NULL, 'EFECTIVO'),
('970.00', '0.00', '', 2, NULL, '', NULL, 'EFECTIVO'),
('1880.00', '0.00', '', 2, NULL, '', NULL, 'EFECTIVO'),
('2300.00', '0.00', '', 2, NULL, '', NULL, 'EFECTIVO'),
('2190.00', '0.00', '', 2, NULL, '', NULL, 'POSNET'),
('3050.00', '0.00', '', 2, NULL, '', NULL, 'EFECTIVO'),
('4140.00', '0.00', '', 2, NULL, '', NULL, 'EFECTIVO'),
('1450.00', '0.00', '', 2, NULL, '', NULL, 'EFECTIVO'),
('1480.00', '0.00', '', 2, NULL, '', NULL, 'EFECTIVO'),
('3210.00', '0.00', '', 2, NULL, '', NULL, 'EFECTIVO'),
('1710.00', '0.00', '', 2, NULL, '', NULL, 'EFECTIVO'),
('0.00', '0.00', '', 2, NULL, '', NULL, 'EFECTIVO'),
('0.00', '0.00', '', 2, NULL, '', NULL, 'EFECTIVO'),
('900.00', '900.00', 'pan', 3, NULL, 'PAN DANILO', '2021-03-04 19:38:29', 'EFECTIVO'),
('0.00', '0.00', '', 3, NULL, '', NULL, 'EFECTIVO'),
('800.00', '800.00', ' PIZZA', 3, NULL, 'PAN CONEJO', '2021-03-04 20:34:56', 'EFECTIVO'),
('600.00', '0.00', '', 3, NULL, '', NULL, 'EFECTIVO'),
('550.00', '0.00', '', 3, NULL, '', NULL, 'EFECTIVO'),
('770.00', '0.00', '', 3, NULL, '', NULL, 'EFECTIVO'),
('1050.00', '0.00', '', 3, NULL, '', NULL, 'EFECTIVO'),
('1700.00', '0.00', '', 3, NULL, '', NULL, 'EFECTIVO'),
('1630.00', '0.00', '', 3, NULL, '', NULL, 'EFECTIVO'),
('950.00', '0.00', '', 3, NULL, '', NULL, 'EFECTIVO'),
('1330.00', '0.00', '', 3, NULL, '', NULL, 'EFECTIVO'),
('1910.00', '0.00', '', 3, NULL, '', NULL, 'EFECTIVO'),
('550.00', '550.00', 'RAFA', 3, NULL, 'RAFAEL MANGIAFICO', '2021-03-04 23:38:43', 'EFECTIVO'),
('1380.00', '0.00', '', 3, NULL, '', NULL, 'EFECTIVO'),
('800.00', '0.00', '', 3, NULL, '', NULL, 'EFECTIVO'),
('3200.00', '0.00', '', 3, NULL, '', NULL, 'EFECTIVO'),
('2190.00', '0.00', '', 3, NULL, '', NULL, 'EFECTIVO'),
('2160.00', '0.00', '', 3, NULL, '', NULL, 'EFECTIVO'),
('2450.00', '0.00', '', 3, NULL, '', NULL, 'EFECTIVO'),
('880.00', '0.00', '', 3, NULL, '', NULL, 'EFECTIVO'),
('1160.00', '0.00', '', 3, NULL, '', NULL, 'EFECTIVO'),
('1340.00', '0.00', '', 3, NULL, '', NULL, 'EFECTIVO'),
('1820.00', '0.00', '', 3, NULL, '', NULL, 'EFECTIVO'),
('1470.00', '0.00', '', 3, NULL, '', NULL, 'EFECTIVO'),
('3110.00', '0.00', '', 3, NULL, '', NULL, 'EFECTIVO'),
('770.00', '770.00', ' ', 3, NULL, 'BELEN CACERES', '2021-03-05 01:30:34', 'EFECTIVO'),
('909.00', '910.00', ' belen mozza\r\n', 3, NULL, 'BELEN CACERES', '2021-03-05 01:31:04', 'EFECTIVO'),
('910.00', '0.00', ' ', 3, NULL, 'MARIEL ORTEGA', '2021-03-05 01:31:19', 'EFECTIVO'),
('0.00', '910.00', ' mariel', 3, NULL, 'MARIEL ORTEGA', '2021-03-05 01:31:48', 'EFECTIVO'),
('0.00', '0.00', '', 4, NULL, '', NULL, 'EFECTIVO'),
('1600.00', '0.00', '', 4, NULL, '', NULL, 'EFECTIVO'),
('720.00', '0.00', '', 4, NULL, '', NULL, 'EFECTIVO'),
('1770.00', '0.00', '', 4, NULL, '', NULL, 'POSNET'),
('1050.00', '0.00', '', 4, NULL, '', NULL, 'EFECTIVO'),
('1340.00', '0.00', '', 4, NULL, '', NULL, 'EFECTIVO'),
('1150.00', '0.00', '', 4, NULL, '', NULL, 'EFECTIVO'),
('2050.00', '0.00', '', 4, NULL, '', NULL, 'POSNET'),
('1770.00', '0.00', '', 4, NULL, '', NULL, 'EFECTIVO'),
('1370.00', '0.00', '', 4, NULL, '', NULL, 'EFECTIVO'),
('2360.00', '0.00', '', 4, NULL, '', NULL, 'EFECTIVO'),
('1550.00', '0.00', '', 4, NULL, '', NULL, 'EFECTIVO'),
('550.00', '0.00', '', 4, NULL, '', NULL, 'EFECTIVO'),
('750.00', '0.00', '', 4, NULL, '', NULL, 'EFECTIVO'),
('1770.00', '0.00', '', 4, NULL, '', NULL, 'EFECTIVO'),
('1250.00', '0.00', '', 4, NULL, '', NULL, 'EFECTIVO'),
('1400.00', '0.00', '', 4, NULL, '', NULL, 'EFECTIVO'),
('5870.00', '0.00', '', 4, NULL, '', NULL, 'EFECTIVO'),
('1680.00', '0.00', '', 4, NULL, '', NULL, 'EFECTIVO'),
('1650.00', '0.00', '', 4, NULL, '', NULL, 'EFECTIVO'),
('1550.00', '0.00', '', 4, NULL, '', NULL, 'EFECTIVO'),
('850.00', '0.00', '', 4, NULL, '', NULL, 'EFECTIVO'),
('2210.00', '0.00', '', 4, NULL, '', NULL, 'EFECTIVO'),
('3600.00', '0.00', '', 4, NULL, '', NULL, 'EFECTIVO'),
('1370.00', '0.00', '', 4, NULL, '', NULL, 'EFECTIVO'),
('1920.00', '0.00', '', 4, NULL, '', NULL, 'EFECTIVO'),
('1900.00', '0.00', '', 4, NULL, '', NULL, 'EFECTIVO'),
('3520.00', '0.00', '', 4, NULL, '', NULL, 'POSNET'),
('1770.00', '0.00', '', 4, NULL, '', NULL, 'EFECTIVO'),
('4060.00', '0.00', '', 4, NULL, '', NULL, 'EFECTIVO'),
('1480.00', '0.00', '', 4, NULL, '', NULL, 'EFECTIVO'),
('0.00', '0.00', '', 4, NULL, '', NULL, 'EFECTIVO'),
('700.00', '0.00', '', 4, NULL, '', NULL, 'EFECTIVO'),
('1150.00', '0.00', '', 4, NULL, '', NULL, 'POSNET'),
('1350.00', '0.00', '', 4, NULL, '', NULL, 'EFECTIVO'),
('650.00', '0.00', '', 4, NULL, '', NULL, 'EFECTIVO'),
('2210.00', '0.00', '', 4, NULL, '', NULL, 'EFECTIVO'),
('1790.00', '0.00', '', 4, NULL, '', NULL, 'EFECTIVO'),
('1000.00', '0.00', '', 4, NULL, '', NULL, 'EFECTIVO'),
('3280.00', '0.00', '', 4, NULL, '', NULL, 'EFECTIVO'),
('5530.00', '0.00', '', 4, NULL, '', NULL, 'EFECTIVO'),
('1050.00', '0.00', '', 4, NULL, '', NULL, 'EFECTIVO'),
('2560.00', '0.00', '', 4, NULL, '', NULL, 'EFECTIVO'),
('1350.00', '0.00', '', 4, NULL, '', NULL, 'POSNET'),
('660.00', '0.00', '', 4, NULL, '', NULL, 'EFECTIVO'),
('2040.00', '0.00', '', 4, NULL, '', NULL, 'EFECTIVO'),
('1200.00', '0.00', '', 4, NULL, '', NULL, 'EFECTIVO'),
('1120.00', '0.00', '', 4, NULL, '', NULL, 'EFECTIVO'),
('0.00', '0.00', '', 4, NULL, '', NULL, 'EFECTIVO'),
('1950.00', '0.00', '', 6, NULL, '', NULL, 'POSNET'),
('1220.00', '0.00', '', 6, NULL, '', NULL, 'POSNET'),
('1070.00', '0.00', '', 6, NULL, '', NULL, 'EFECTIVO'),
('570.00', '0.00', '', 6, NULL, '', NULL, 'EFECTIVO'),
('790.00', '0.00', '', 6, NULL, '', NULL, 'EFECTIVO'),
('0.00', '0.00', '', 6, NULL, '', NULL, 'EFECTIVO'),
('1300.00', '0.00', '', 6, NULL, '', NULL, 'EFECTIVO'),
('1200.00', '0.00', '', 6, NULL, '', NULL, 'EFECTIVO'),
('920.00', '0.00', '', 6, NULL, '', NULL, 'EFECTIVO'),
('2430.00', '0.00', '', 6, NULL, '', NULL, 'EFECTIVO'),
('970.00', '0.00', '', 6, NULL, '', NULL, 'EFECTIVO'),
('1600.00', '0.00', '', 6, NULL, '', NULL, 'EFECTIVO'),
('2180.00', '0.00', '', 6, NULL, '', NULL, 'EFECTIVO'),
('1590.00', '0.00', '', 6, NULL, '', NULL, 'EFECTIVO'),
('3270.00', '0.00', '', 6, NULL, '', NULL, 'EFECTIVO'),
('1300.00', '0.00', '', 6, NULL, '', NULL, 'EFECTIVO'),
('1520.00', '0.00', '', 6, NULL, '', NULL, 'EFECTIVO'),
('2630.00', '0.00', '', 6, NULL, '', NULL, 'EFECTIVO'),
('1300.00', '0.00', '', 6, NULL, '', NULL, 'EFECTIVO'),
('2750.00', '0.00', '', 6, NULL, '', NULL, 'POSNET'),
('2020.00', '0.00', '', 6, NULL, '', NULL, 'POSNET'),
('2340.00', '0.00', '', 6, NULL, '', NULL, 'EFECTIVO'),
('1690.00', '0.00', '', 6, NULL, '', NULL, 'EFECTIVO'),
('2240.00', '0.00', '', 6, NULL, '', NULL, 'EFECTIVO'),
('670.00', '0.00', '', 6, NULL, '', NULL, 'EFECTIVO'),
('800.00', '0.00', '', 6, NULL, '', NULL, 'EFECTIVO'),
('2160.00', '0.00', '', 6, NULL, '', NULL, 'EFECTIVO'),
('980.00', '0.00', '', 6, NULL, '', NULL, 'EFECTIVO'),
('300.00', '0.00', '', 6, NULL, '', NULL, 'EFECTIVO'),
('940.00', '0.00', '', 6, NULL, '', NULL, 'EFECTIVO'),
('2300.00', '0.00', '', 6, NULL, '', NULL, 'EFECTIVO'),
('4200.00', '0.00', '', 6, NULL, '', NULL, 'EFECTIVO'),
('200.00', '0.00', '', 6, NULL, '', NULL, 'EFECTIVO'),
('770.00', '0.00', '', 6, NULL, '', NULL, 'EFECTIVO'),
('1620.00', '0.00', '', 6, NULL, '', NULL, 'EFECTIVO'),
('2150.00', '0.00', '', 6, NULL, '', NULL, 'EFECTIVO'),
('4890.00', '0.00', '', 6, NULL, '', NULL, 'POSNET'),
('1450.00', '0.00', '', 6, NULL, '', NULL, 'EFECTIVO'),
('2430.00', '0.00', '', 6, NULL, '', NULL, 'POSNET'),
('1640.00', '0.00', '', 6, NULL, '', NULL, 'EFECTIVO'),
('1000.00', '0.00', '', 6, NULL, '', NULL, 'EFECTIVO'),
('480.00', '0.00', '', 6, NULL, '', NULL, 'EFECTIVO'),
('600.00', '0.00', '', 6, NULL, '', NULL, 'EFECTIVO'),
('1770.00', '0.00', '', 6, NULL, '', NULL, 'EFECTIVO'),
('1550.00', '0.00', '', 6, NULL, '', NULL, 'EFECTIVO'),
('1850.00', '0.00', '', 6, NULL, '', NULL, 'POSNET'),
('3250.00', '0.00', '', 6, NULL, '', NULL, 'EFECTIVO'),
('4650.00', '0.00', '', 6, NULL, '', NULL, 'EFECTIVO'),
('700.00', '0.00', '', 6, NULL, '', NULL, 'EFECTIVO'),
('3590.00', '0.00', '', 6, NULL, '', NULL, 'EFECTIVO'),
('2860.00', '0.00', '', 6, NULL, '', NULL, 'EFECTIVO'),
('1670.00', '0.00', '', 6, NULL, '', NULL, 'EFECTIVO'),
('1300.00', '0.00', '', 6, NULL, '', NULL, 'EFECTIVO'),
('900.00', '0.00', '', 6, NULL, '', NULL, 'EFECTIVO'),
('1100.00', '0.00', '', 6, NULL, '', NULL, 'EFECTIVO'),
('500.00', '0.00', '', 6, NULL, '', NULL, 'EFECTIVO'),
('780.00', '0.00', '', 6, NULL, '', NULL, 'EFECTIVO'),
('3810.00', '0.00', '', 6, NULL, '', NULL, 'EFECTIVO'),
('1340.00', '0.00', '', 6, NULL, '', NULL, 'EFECTIVO'),
('550.00', '0.00', '', 6, NULL, '', NULL, 'EFECTIVO'),
('1430.00', '0.00', '', 6, NULL, '', NULL, 'EFECTIVO'),
('1900.00', '0.00', '', 6, NULL, '', NULL, 'EFECTIVO'),
('350.00', '0.00', '', 6, NULL, '', NULL, 'EFECTIVO'),
('580.00', '0.00', '', 6, NULL, '', NULL, 'EFECTIVO'),
('1700.00', '0.00', '', 6, NULL, '', NULL, 'EFECTIVO'),
('780.00', '0.00', '', 6, NULL, '', NULL, 'EFECTIVO'),
('0.00', '0.00', '', 6, NULL, '', NULL, 'EFECTIVO'),
('0.00', '0.00', '', 6, NULL, '', NULL, 'EFECTIVO'),
('850.00', '0.00', '', 6, NULL, '', NULL, 'EFECTIVO'),
('850.00', '0.00', '', 6, NULL, '', NULL, 'EFECTIVO'),
('1300.00', '0.00', '', 6, NULL, '', NULL, 'EFECTIVO'),
('3100.00', '0.00', '', 6, NULL, '', NULL, 'EFECTIVO'),
('1270.00', '0.00', '', 6, NULL, '', NULL, 'EFECTIVO'),
('1030.00', '0.00', '', 7, NULL, '', NULL, 'EFECTIVO'),
('700.00', '0.00', '', 7, NULL, '', NULL, 'EFECTIVO'),
('680.00', '0.00', '', 7, NULL, '', NULL, 'EFECTIVO'),
('1580.00', '0.00', '', 7, NULL, '', NULL, 'EFECTIVO'),
('1690.00', '0.00', '', 7, NULL, '', NULL, 'EFECTIVO'),
('2150.00', '0.00', '', 7, NULL, '', NULL, 'EFECTIVO'),
('290.00', '0.00', '', 7, NULL, '', NULL, 'EFECTIVO'),
('1090.00', '0.00', '', 7, NULL, '', NULL, 'EFECTIVO'),
('1220.00', '0.00', '', 7, NULL, '', NULL, 'EFECTIVO'),
('3180.00', '0.00', '', 7, NULL, '', NULL, 'EFECTIVO'),
('200.00', '0.00', '', 7, NULL, '', NULL, 'EFECTIVO'),
('0.00', '0.00', '', 7, NULL, '', NULL, 'EFECTIVO'),
('750.00', '0.00', '', 7, NULL, '', NULL, 'EFECTIVO'),
('3000.00', '0.00', '', 7, NULL, '', NULL, 'EFECTIVO'),
('1990.00', '0.00', '', 7, NULL, '', NULL, 'EFECTIVO'),
('3910.00', '0.00', '', 7, NULL, '', NULL, 'EFECTIVO'),
('1330.00', '0.00', '', 7, NULL, '', NULL, 'POSNET'),
('1400.00', '0.00', '', 7, NULL, '', NULL, 'EFECTIVO'),
('1780.00', '0.00', '', 7, NULL, '', NULL, 'EFECTIVO'),
('1270.00', '0.00', '', 7, NULL, '', NULL, 'EFECTIVO'),
('930.00', '0.00', '', 7, NULL, '', NULL, 'EFECTIVO'),
('970.00', '0.00', '', 7, NULL, '', NULL, 'EFECTIVO'),
('1660.00', '0.00', '', 7, NULL, '', NULL, 'EFECTIVO'),
('1000.00', '0.00', '', 7, NULL, '', NULL, 'EFECTIVO'),
('2210.00', '0.00', '', 7, NULL, '', NULL, 'EFECTIVO'),
('2270.00', '0.00', '', 7, NULL, '', NULL, 'EFECTIVO'),
('1560.00', '0.00', '', 7, NULL, '', NULL, 'EFECTIVO'),
('1810.00', '0.00', '', 7, NULL, '', NULL, 'EFECTIVO'),
('1850.00', '0.00', '', 7, NULL, '', NULL, 'EFECTIVO'),
('3130.00', '0.00', '', 7, NULL, '', NULL, 'EFECTIVO'),
('4510.00', '0.00', '', 7, NULL, '', NULL, 'EFECTIVO'),
('1830.00', '0.00', '', 7, NULL, '', NULL, 'EFECTIVO'),
('1520.00', '0.00', '', 7, NULL, '', NULL, 'EFECTIVO'),
('1950.00', '0.00', '', 7, NULL, '', NULL, 'EFECTIVO'),
('2890.00', '0.00', '', 7, NULL, '', NULL, 'EFECTIVO'),
('970.00', '0.00', '', 7, NULL, '', NULL, 'POSNET'),
('2030.00', '0.00', '', 7, NULL, '', NULL, 'POSNET'),
('1490.00', '0.00', '', 7, NULL, '', NULL, 'EFECTIVO'),
('1440.00', '0.00', '', 7, NULL, '', NULL, 'EFECTIVO'),
('2830.00', '0.00', '', 7, NULL, '', NULL, 'EFECTIVO'),
('3320.00', '0.00', '', 7, NULL, '', NULL, 'EFECTIVO'),
('0.00', '0.00', '', 7, NULL, '', NULL, 'EFECTIVO'),
('1300.00', '0.00', '', 7, NULL, '', NULL, 'EFECTIVO'),
('890.00', '0.00', '', 7, NULL, '', NULL, 'EFECTIVO'),
('0.00', '0.00', '', 7, NULL, '', NULL, 'EFECTIVO'),
('970.00', '0.00', '', 7, NULL, '', NULL, 'EFECTIVO'),
('1100.00', '0.00', '', 7, NULL, '', NULL, 'EFECTIVO'),
('960.00', '0.00', '', 7, NULL, '', NULL, 'EFECTIVO'),
('0.00', '0.00', '', 7, NULL, '', NULL, 'EFECTIVO'),
('950.00', '0.00', '', 7, NULL, '', NULL, 'EFECTIVO'),
('890.00', '0.00', '', 8, NULL, '', NULL, 'EFECTIVO'),
('300.00', '0.00', '', 8, NULL, '', NULL, 'EFECTIVO'),
('850.00', '0.00', '', 8, NULL, '', NULL, 'EFECTIVO'),
('800.00', '0.00', ' ', 8, NULL, 'LIMPIEZA NICO', '2021-03-08 21:03:27', 'EFECTIVO'),
('0.00', '800.00', ' ', 8, NULL, 'LIMPIEZA NICO', '2021-03-08 21:03:48', 'EFECTIVO'),
('750.00', '750.00', 'pan\r\n', 8, NULL, 'PAN DANILO', '2021-03-08 21:04:35', 'EFECTIVO'),
('2040.00', '0.00', '', 8, NULL, '', NULL, 'EFECTIVO'),
('950.00', '0.00', '', 8, NULL, '', NULL, 'EFECTIVO'),
('700.00', '0.00', '', 8, NULL, '', NULL, 'EFECTIVO'),
('0.00', '147.00', 'DESCUENTO DE 10% MESA:9 ', 8, 251, '', '2021-03-08 22:14:29', ''),
('1270.00', '0.00', '', 8, NULL, '', NULL, 'EFECTIVO'),
('830.00', '0.00', '', 8, NULL, '', NULL, 'EFECTIVO'),
('1000.00', '0.00', '', 8, NULL, '', NULL, 'EFECTIVO'),
('1440.00', '0.00', '', 8, NULL, '', NULL, 'EFECTIVO'),
('580.00', '0.00', '', 8, NULL, '', NULL, 'EFECTIVO'),
('630.00', '0.00', '', 8, NULL, '', NULL, 'EFECTIVO'),
('1020.00', '0.00', '', 8, NULL, '', NULL, 'EFECTIVO'),
('2580.00', '0.00', '', 8, NULL, '', NULL, 'EFECTIVO'),
('2540.00', '0.00', '', 8, NULL, '', NULL, 'EFECTIVO'),
('1860.00', '0.00', '', 8, NULL, '', NULL, 'EFECTIVO'),
('2600.00', '0.00', '', 8, NULL, '', NULL, 'EFECTIVO'),
('2630.00', '0.00', '', 8, NULL, '', NULL, 'EFECTIVO'),
('1230.00', '0.00', '', 8, NULL, '', NULL, 'EFECTIVO'),
('2620.00', '0.00', '', 8, NULL, '', NULL, 'EFECTIVO'),
('760.00', '0.00', '', 8, NULL, '', NULL, 'EFECTIVO'),
('970.00', '0.00', '', 8, NULL, '', NULL, 'EFECTIVO'),
('2000.00', '0.00', '', 8, NULL, '', NULL, 'EFECTIVO'),
('1470.00', '0.00', '', 8, NULL, '', NULL, 'EFECTIVO'),
('3180.00', '0.00', '', 8, NULL, '', NULL, 'EFECTIVO'),
('1880.00', '0.00', '', 8, NULL, '', NULL, 'EFECTIVO'),
('1390.00', '0.00', '', 8, NULL, '', NULL, 'EFECTIVO'),
('1050.00', '0.00', '', 8, NULL, '', NULL, 'EFECTIVO'),
('4510.00', '0.00', '', 8, NULL, '', NULL, 'EFECTIVO'),
('1300.00', '0.00', '', 8, NULL, '', NULL, 'EFECTIVO'),
('1250.00', '0.00', '', 8, NULL, '', NULL, 'EFECTIVO'),
('2920.00', '0.00', '', 8, NULL, '', NULL, 'EFECTIVO'),
('2200.00', '0.00', '', 8, NULL, '', NULL, 'EFECTIVO'),
('750.00', '0.00', '', 8, NULL, '', NULL, 'EFECTIVO'),
('5460.00', '0.00', '', 8, NULL, '', NULL, 'EFECTIVO'),
('1100.00', '0.00', '', 8, NULL, '', NULL, 'EFECTIVO'),
('1200.00', '0.00', '', 8, NULL, '', NULL, 'EFECTIVO'),
('3660.00', '0.00', '', 8, NULL, '', NULL, 'EFECTIVO'),
('2200.00', '0.00', '', 8, NULL, '', NULL, 'POSNET'),
('1900.00', '0.00', '', 9, NULL, '', NULL, 'EFECTIVO'),
('1700.00', '0.00', '', 9, NULL, '', NULL, 'POSNET'),
('850.00', '0.00', '', 9, NULL, '', NULL, 'EFECTIVO'),
('700.00', '0.00', '', 9, NULL, '', NULL, 'EFECTIVO'),
('740.00', '0.00', '', 9, NULL, '', NULL, 'EFECTIVO'),
('2880.00', '0.00', '', 9, NULL, '', NULL, 'EFECTIVO'),
('3670.00', '0.00', '', 9, NULL, '', NULL, 'POSNET'),
('1280.00', '0.00', '', 9, NULL, '', NULL, 'EFECTIVO'),
('4300.00', '0.00', '', 9, NULL, '', NULL, 'EFECTIVO'),
('1870.00', '0.00', '', 9, NULL, '', NULL, 'EFECTIVO'),
('1350.00', '0.00', '', 9, NULL, '', NULL, 'EFECTIVO'),
('2020.00', '0.00', '', 9, NULL, '', NULL, 'EFECTIVO'),
('2480.00', '0.00', '', 9, NULL, '', NULL, 'EFECTIVO'),
('2650.00', '0.00', '', 9, NULL, '', NULL, 'POSNET'),
('1450.00', '0.00', '', 9, NULL, '', NULL, 'EFECTIVO'),
('1480.00', '0.00', '', 9, NULL, '', NULL, 'EFECTIVO'),
('1050.00', '0.00', '', 9, NULL, '', NULL, 'EFECTIVO'),
('700.00', '0.00', '', 9, NULL, '', NULL, 'EFECTIVO'),
('1210.00', '0.00', '', 9, NULL, '', NULL, 'EFECTIVO'),
('0.00', '0.00', '', 9, NULL, '', NULL, 'EFECTIVO'),
('0.00', '0.00', '', 10, NULL, '', NULL, 'EFECTIVO'),
('700.00', '0.00', '', 10, NULL, '', NULL, 'EFECTIVO'),
('2000.00', '0.00', '', 10, NULL, '', NULL, 'EFECTIVO'),
('2290.00', '0.00', '', 10, NULL, '', NULL, 'EFECTIVO'),
('1800.00', '0.00', '', 10, NULL, '', NULL, 'EFECTIVO'),
('1980.00', '0.00', '', 10, NULL, '', NULL, 'EFECTIVO'),
('2410.00', '0.00', '', 10, NULL, '', NULL, 'POSNET'),
('800.00', '0.00', '', 10, NULL, '', NULL, 'EFECTIVO'),
('1800.00', '0.00', '', 10, NULL, '', NULL, 'POSNET'),
('930.00', '0.00', '', 10, NULL, '', NULL, 'EFECTIVO'),
('1050.00', '0.00', '', 10, NULL, '', NULL, 'EFECTIVO'),
('4640.00', '0.00', '', 10, NULL, '', NULL, 'EFECTIVO'),
('1750.00', '0.00', '', 10, NULL, '', NULL, 'EFECTIVO'),
('980.00', '0.00', '', 10, NULL, '', NULL, 'EFECTIVO'),
('1100.00', '0.00', '', 10, NULL, '', NULL, 'EFECTIVO'),
('1470.00', '0.00', '', 10, NULL, '', NULL, 'EFECTIVO'),
('2210.00', '0.00', '', 10, NULL, '', NULL, 'EFECTIVO'),
('1090.00', '0.00', '', 10, NULL, '', NULL, 'EFECTIVO'),
('2070.00', '0.00', '', 10, NULL, '', NULL, 'EFECTIVO'),
('2000.00', '0.00', '', 10, NULL, '', NULL, 'EFECTIVO'),
('2640.00', '0.00', '', 10, NULL, '', NULL, 'EFECTIVO'),
('3790.00', '0.00', '', 10, NULL, '', NULL, 'EFECTIVO'),
('1450.00', '0.00', '', 10, NULL, '', NULL, 'EFECTIVO'),
('1630.00', '0.00', '', 10, NULL, '', NULL, 'EFECTIVO'),
('0.00', '0.00', '', 10, NULL, '', NULL, 'EFECTIVO'),
('980.00', '0.00', '', 10, NULL, '', NULL, 'EFECTIVO'),
('1300.00', '0.00', '', 10, NULL, '', NULL, 'EFECTIVO'),
('3590.00', '0.00', '', 10, NULL, '', NULL, 'EFECTIVO'),
('0.00', '0.00', '', 10, NULL, '', NULL, 'EFECTIVO'),
('450.00', '0.00', '', 10, NULL, '', NULL, 'EFECTIVO'),
('630.00', '0.00', '', 11, NULL, '', '2021-03-12 20:20:33', 'EFECTIVO');

-- --------------------------------------------------------

--
-- Estructura de tabla para la tabla `caja_grande`
--

DROP TABLE IF EXISTS `caja_grande`;
CREATE TABLE IF NOT EXISTS `caja_grande` (
  `ingreso` decimal(10,0) DEFAULT NULL,
  `egreso` decimal(10,0) DEFAULT NULL,
  `detalle` varchar(100) DEFAULT NULL,
  `fecha` datetime DEFAULT NULL,
  `tipo` varchar(100) DEFAULT NULL,
  `pago` varchar(100) DEFAULT NULL
) ENGINE=MyISAM DEFAULT CHARSET=utf8;

--
-- Volcado de datos para la tabla `caja_grande`
--

INSERT INTO `caja_grande` (`ingreso`, `egreso`, `detalle`, `fecha`, `tipo`, `pago`) VALUES
('4490', '0', 'POSNET', '2021-03-03 01:23:37', '', 'POSNET'),
('0', '5215', 'EFECTIVO', '2021-03-03 01:23:37', '', 'EFECTIVO'),
('24880', '0', 'EFECTIVO', '2021-03-03 01:23:37', '', 'EFECTIVO'),
('4230', '0', 'POSNET', '2021-03-04 11:38:36', '', 'POSNET'),
('32140', '0', 'EFECTIVO', '2021-03-04 11:38:36', '', 'EFECTIVO'),
('27610', '0', 'EFECTIVO', '2021-03-05 01:31:55', '', 'EFECTIVO'),
('9840', '0', 'POSNET', '2021-03-06 02:53:31', '', 'POSNET'),
('73680', '0', 'EFECTIVO', '2021-03-06 02:53:31', '', 'EFECTIVO'),
('17110', '0', 'POSNET', '2021-03-07 02:55:43', '', 'POSNET'),
('97600', '0', 'EFECTIVO', '2021-03-07 02:55:43', '', 'EFECTIVO'),
('4330', '0', 'POSNET', '2021-03-08 01:04:22', '', 'POSNET'),
('73250', '0', 'EFECTIVO', '2021-03-08 01:04:22', '', 'EFECTIVO'),
('2200', '0', 'POSNET', '2021-03-09 02:00:07', '', 'POSNET'),
('64060', '0', 'EFECTIVO', '2021-03-09 02:00:07', '', 'EFECTIVO'),
('8020', '0', 'POSNET', '2021-03-11 20:01:03', '', 'POSNET'),
('26260', '0', 'EFECTIVO', '2021-03-11 20:01:03', '', 'EFECTIVO'),
('4210', '0', 'POSNET', '2021-03-12 02:23:52', '', 'POSNET'),
('44690', '0', 'EFECTIVO', '2021-03-12 02:23:52', '', 'EFECTIVO');

-- --------------------------------------------------------

--
-- Estructura de tabla para la tabla `comandas`
--

DROP TABLE IF EXISTS `comandas`;
CREATE TABLE IF NOT EXISTS `comandas` (
  `id` int(11) NOT NULL AUTO_INCREMENT,
  `num_comanda` int(11) NOT NULL,
  `mesa` int(11) NOT NULL,
  `mozo` int(11) NOT NULL,
  `fecha` datetime DEFAULT NULL,
  `metodo_pago` varchar(50) DEFAULT NULL,
  PRIMARY KEY (`id`),
  KEY `mesa` (`mesa`),
  KEY `mozo` (`mozo`)
) ENGINE=MyISAM AUTO_INCREMENT=512 DEFAULT CHARSET=utf8;

--
-- Volcado de datos para la tabla `comandas`
--

INSERT INTO `comandas` (`id`, `num_comanda`, `mesa`, `mozo`, `fecha`, `metodo_pago`) VALUES
(181, 1, 1, 11, '2021-03-02 21:12:43', 'EFECTIVO'),
(182, 2, 2, 11, '2021-03-02 21:15:17', 'POSNET'),
(183, 3, 3, 11, '2021-03-02 21:25:18', 'EFECTIVO'),
(184, 4, 4, 10, '2021-03-02 22:01:09', 'EFECTIVO'),
(185, 5, 4, 10, '2021-03-02 22:05:29', 'EFECTIVO'),
(186, 6, 4, 10, '2021-03-02 22:06:14', 'EFECTIVO'),
(187, 7, 4, 10, '2021-03-02 22:11:27', 'EFECTIVO'),
(188, 8, 2, 11, '2021-03-02 22:26:16', 'EFECTIVO'),
(189, 9, 4, 11, '2021-03-02 22:30:42', 'EFECTIVO'),
(190, 10, 5, 11, '2021-03-02 22:35:04', 'EFECTIVO'),
(191, 11, 6, 11, '2021-03-02 22:37:12', 'EFECTIVO'),
(192, 12, 7, 11, '2021-03-02 22:37:42', 'EFECTIVO'),
(193, 13, 3, 11, '2021-03-02 22:48:42', 'EFECTIVO'),
(194, 14, 7, 11, '2021-03-02 22:49:25', 'EFECTIVO'),
(195, 15, 8, 11, '2021-03-02 22:50:04', 'EFECTIVO'),
(196, 16, 9, 10, '2021-03-02 22:50:30', 'EFECTIVO'),
(197, 17, 9, 11, '2021-03-02 22:54:08', 'POSNET'),
(198, 18, 9, 11, '2021-03-02 23:05:17', 'EFECTIVO'),
(199, 19, 10, 10, '2021-03-02 23:08:47', 'EFECTIVO'),
(200, 20, 11, 11, '2021-03-02 23:09:38', 'EFECTIVO'),
(201, 21, 12, 11, '2021-03-02 23:10:25', 'EFECTIVO'),
(202, 22, 12, 10, '2021-03-03 00:03:44', 'EFECTIVO'),
(203, 23, 1, 11, '2021-03-03 00:38:03', 'EFECTIVO'),
(204, 24, 1, 11, '2021-03-03 21:12:48', 'EFECTIVO'),
(205, 25, 2, 11, '2021-03-03 21:13:26', 'EFECTIVO'),
(206, 26, 3, 11, '2021-03-03 21:14:21', 'EFECTIVO'),
(207, 27, 3, 11, '2021-03-03 22:36:37', 'EFECTIVO'),
(208, 28, 4, 11, '2021-03-03 22:44:37', 'EFECTIVO'),
(209, 29, 5, 11, '2021-03-03 22:46:11', 'EFECTIVO'),
(210, 30, 6, 11, '2021-03-03 22:46:53', 'EFECTIVO'),
(211, 31, 7, 11, '2021-03-03 22:47:30', 'EFECTIVO'),
(212, 32, 8, 11, '2021-03-03 22:51:06', 'EFECTIVO'),
(213, 33, 9, 11, '2021-03-03 22:52:23', 'EFECTIVO'),
(214, 34, 10, 11, '2021-03-03 22:53:11', 'EFECTIVO'),
(215, 35, 11, 11, '2021-03-03 22:54:11', 'EFECTIVO'),
(216, 36, 12, 11, '2021-03-03 22:55:44', 'EFECTIVO'),
(217, 37, 13, 11, '2021-03-03 22:59:08', 'POSNET'),
(218, 38, 14, 11, '2021-03-03 23:05:40', 'EFECTIVO'),
(219, 39, 12, 11, '2021-03-03 23:10:06', 'EFECTIVO'),
(220, 40, 6, 10, '2021-03-03 23:25:39', 'POSNET'),
(221, 41, 8, 11, '2021-03-03 23:26:59', 'EFECTIVO'),
(222, 42, 11, 10, '2021-03-03 23:41:29', 'EFECTIVO'),
(223, 43, 1, 11, '2021-03-03 23:50:56', 'EFECTIVO'),
(224, 44, 2, 11, '2021-03-04 00:38:52', 'EFECTIVO'),
(225, 45, 2, 10, '2021-03-04 01:41:11', 'EFECTIVO'),
(227, 46, 1, 16, '2021-03-04 19:43:11', 'EFECTIVO'),
(228, 47, 1, 12, '2021-03-04 21:48:48', 'EFECTIVO'),
(229, 48, 2, 11, '2021-03-04 21:52:46', 'EFECTIVO'),
(230, 49, 3, 12, '2021-03-04 21:54:47', 'EFECTIVO'),
(231, 50, 4, 12, '2021-03-04 22:06:15', 'EFECTIVO'),
(232, 51, 5, 12, '2021-03-04 22:06:51', 'EFECTIVO'),
(233, 52, 6, 11, '2021-03-04 22:07:55', 'EFECTIVO'),
(234, 53, 7, 11, '2021-03-04 22:08:31', 'EFECTIVO'),
(235, 54, 8, 11, '2021-03-04 22:09:03', 'EFECTIVO'),
(236, 55, 9, 12, '2021-03-04 22:09:44', 'EFECTIVO'),
(237, 56, 10, 11, '2021-03-04 22:10:21', 'EFECTIVO'),
(238, 57, 11, 12, '2021-03-04 22:10:54', 'EFECTIVO'),
(239, 58, 12, 16, '2021-03-04 22:11:30', 'EFECTIVO'),
(240, 59, 9, 11, '2021-03-04 22:22:45', 'EFECTIVO'),
(241, 60, 12, 11, '2021-03-04 22:23:58', 'EFECTIVO'),
(242, 61, 13, 12, '2021-03-04 22:24:39', 'EFECTIVO'),
(243, 62, 11, 12, '2021-03-04 22:26:40', 'EFECTIVO'),
(244, 63, 13, 12, '2021-03-04 22:36:56', 'EFECTIVO'),
(245, 64, 14, 11, '2021-03-04 22:51:15', 'EFECTIVO'),
(246, 65, 15, 11, '2021-03-04 23:04:41', 'EFECTIVO'),
(247, 66, 16, 12, '2021-03-04 23:05:16', 'EFECTIVO'),
(248, 67, 3, 12, '2021-03-05 00:15:56', 'EFECTIVO'),
(249, 68, 1, 12, '2021-03-05 21:47:00', 'EFECTIVO'),
(250, 69, 2, 12, '2021-03-05 21:51:11', 'POSNET'),
(251, 70, 3, 11, '2021-03-05 21:51:54', 'EFECTIVO'),
(252, 71, 4, 11, '2021-03-05 21:52:20', 'POSNET'),
(253, 72, 5, 11, '2021-03-05 21:53:03', 'EFECTIVO'),
(254, 73, 6, 8, '2021-03-05 21:53:29', 'EFECTIVO'),
(255, 74, 7, 8, '2021-03-05 21:56:17', 'EFECTIVO'),
(256, 75, 8, 8, '2021-03-05 21:57:06', 'EFECTIVO'),
(257, 76, 9, 8, '2021-03-05 21:58:18', 'EFECTIVO'),
(258, 77, 9, 8, '2021-03-05 22:02:30', 'EFECTIVO'),
(259, 78, 10, 14, '2021-03-05 22:03:23', 'EFECTIVO'),
(260, 79, 11, 14, '2021-03-05 22:03:55', 'EFECTIVO'),
(261, 80, 12, 14, '2021-03-05 22:04:25', 'EFECTIVO'),
(262, 81, 13, 8, '2021-03-05 22:04:54', 'EFECTIVO'),
(263, 82, 14, 14, '2021-03-05 22:05:26', 'EFECTIVO'),
(264, 83, 15, 12, '2021-03-05 22:06:40', 'EFECTIVO'),
(265, 84, 16, 11, '2021-03-05 22:10:47', 'EFECTIVO'),
(266, 85, 17, 14, '2021-03-05 22:12:14', 'EFECTIVO'),
(267, 86, 18, 11, '2021-03-05 22:15:52', 'EFECTIVO'),
(268, 87, 19, 11, '2021-03-05 22:16:22', 'POSNET'),
(269, 88, 20, 11, '2021-03-05 22:16:55', 'EFECTIVO'),
(270, 89, 21, 10, '2021-03-05 22:18:05', 'EFECTIVO'),
(271, 90, 22, 8, '2021-03-05 22:20:17', 'EFECTIVO'),
(272, 91, 23, 12, '2021-03-05 22:20:49', 'POSNET'),
(273, 92, 24, 14, '2021-03-05 22:21:45', 'EFECTIVO'),
(274, 93, 25, 14, '2021-03-05 22:22:22', 'EFECTIVO'),
(275, 94, 26, 12, '2021-03-05 22:23:18', 'EFECTIVO'),
(276, 95, 27, 12, '2021-03-05 22:25:34', 'EFECTIVO'),
(277, 96, 28, 12, '2021-03-05 22:26:31', 'EFECTIVO'),
(278, 97, 29, 8, '2021-03-05 22:27:32', 'EFECTIVO'),
(279, 98, 30, 11, '2021-03-05 22:29:11', 'EFECTIVO'),
(280, 99, 31, 12, '2021-03-05 22:29:45', 'EFECTIVO'),
(281, 100, 32, 8, '2021-03-05 22:40:53', 'EFECTIVO'),
(282, 101, 14, 12, '2021-03-05 22:52:00', 'EFECTIVO'),
(283, 102, 3, 14, '2021-03-05 23:07:15', 'EFECTIVO'),
(284, 103, 33, 10, '2021-03-05 23:13:59', 'EFECTIVO'),
(285, 104, 4, 12, '2021-03-05 23:21:27', 'EFECTIVO'),
(286, 105, 34, 8, '2021-03-05 23:22:42', 'EFECTIVO'),
(287, 106, 10, 10, '2021-03-05 23:52:08', 'EFECTIVO'),
(288, 107, 2, 11, '2021-03-06 00:30:28', 'EFECTIVO'),
(289, 108, 2, 14, '2021-03-06 01:03:55', 'EFECTIVO'),
(290, 109, 5, 14, '2021-03-06 01:07:09', 'EFECTIVO'),
(291, 110, 6, 11, '2021-03-06 01:07:35', 'EFECTIVO'),
(292, 111, 7, 12, '2021-03-06 01:08:00', 'EFECTIVO'),
(293, 112, 9, 12, '2021-03-06 01:08:50', 'EFECTIVO'),
(294, 113, 3, 8, '2021-03-06 01:53:33', 'POSNET'),
(295, 114, 4, 8, '2021-03-06 01:55:01', 'EFECTIVO'),
(296, 115, 6, 14, '2021-03-06 01:55:39', 'EFECTIVO'),
(297, 116, 3, 11, '2021-03-06 02:50:03', 'EFECTIVO'),
(298, 117, 1, 8, '2021-03-06 21:03:08', 'EFECTIVO'),
(299, 118, 2, 8, '2021-03-06 21:04:01', 'POSNET'),
(300, 119, 3, 8, '2021-03-06 21:07:15', 'POSNET'),
(301, 120, 3, 11, '2021-03-06 21:30:30', 'EFECTIVO'),
(302, 121, 2, 11, '2021-03-06 21:40:38', 'EFECTIVO'),
(303, 122, 3, 12, '2021-03-06 21:55:48', 'EFECTIVO'),
(304, 123, 4, 11, '2021-03-06 22:03:16', 'EFECTIVO'),
(305, 124, 5, 11, '2021-03-06 22:04:25', 'EFECTIVO'),
(306, 125, 6, 11, '2021-03-06 22:21:31', 'EFECTIVO'),
(307, 126, 7, 12, '2021-03-06 22:22:26', 'EFECTIVO'),
(308, 127, 8, 8, '2021-03-06 22:23:25', 'EFECTIVO'),
(309, 128, 9, 8, '2021-03-06 22:24:40', 'POSNET'),
(310, 129, 10, 12, '2021-03-06 22:25:53', 'EFECTIVO'),
(311, 130, 11, 10, '2021-03-06 22:26:40', 'EFECTIVO'),
(312, 131, 12, 11, '2021-03-06 22:27:26', 'EFECTIVO'),
(313, 132, 13, 8, '2021-03-06 22:28:02', 'EFECTIVO'),
(314, 133, 14, 8, '2021-03-06 22:29:34', 'EFECTIVO'),
(315, 134, 15, 12, '2021-03-06 22:31:04', 'POSNET'),
(316, 135, 16, 12, '2021-03-06 22:34:48', 'EFECTIVO'),
(317, 136, 12, 12, '2021-03-06 22:37:38', 'EFECTIVO'),
(318, 137, 3, 8, '2021-03-06 22:39:47', 'EFECTIVO'),
(319, 138, 17, 8, '2021-03-06 22:40:49', 'EFECTIVO'),
(320, 139, 18, 12, '2021-03-06 22:47:12', 'EFECTIVO'),
(321, 140, 4, 11, '2021-03-06 22:53:03', 'EFECTIVO'),
(322, 141, 19, 11, '2021-03-06 22:55:00', 'POSNET'),
(323, 142, 20, 12, '2021-03-06 22:55:46', 'EFECTIVO'),
(324, 143, 21, 12, '2021-03-06 22:57:30', 'EFECTIVO'),
(325, 144, 22, 11, '2021-03-06 22:59:09', 'EFECTIVO'),
(326, 145, 23, 12, '2021-03-06 23:00:14', 'EFECTIVO'),
(327, 146, 24, 12, '2021-03-06 23:02:00', 'EFECTIVO'),
(328, 147, 25, 11, '2021-03-06 23:02:32', 'EFECTIVO'),
(329, 148, 26, 11, '2021-03-06 23:03:20', 'EFECTIVO'),
(330, 149, 27, 11, '2021-03-06 23:04:10', 'EFECTIVO'),
(331, 150, 28, 11, '2021-03-06 23:04:55', 'EFECTIVO'),
(332, 151, 1, 12, '2021-03-06 23:25:47', 'EFECTIVO'),
(333, 152, 2, 8, '2021-03-06 23:27:40', 'POSNET'),
(334, 153, 5, 12, '2021-03-06 23:28:51', 'EFECTIVO'),
(335, 154, 6, 8, '2021-03-06 23:31:40', 'EFECTIVO'),
(336, 155, 6, 11, '2021-03-06 23:38:13', 'EFECTIVO'),
(337, 156, 8, 12, '2021-03-06 23:44:31', 'EFECTIVO'),
(338, 157, 10, 12, '2021-03-06 23:46:39', 'EFECTIVO'),
(339, 158, 4, 8, '2021-03-06 23:57:21', 'EFECTIVO'),
(340, 159, 10, 8, '2021-03-07 00:02:25', 'EFECTIVO'),
(341, 160, 14, 10, '2021-03-07 00:03:58', 'EFECTIVO'),
(342, 161, 15, 8, '2021-03-07 00:06:37', 'EFECTIVO'),
(343, 162, 17, 11, '2021-03-07 00:07:16', 'EFECTIVO'),
(344, 163, 18, 12, '2021-03-07 00:07:51', 'EFECTIVO'),
(345, 164, 19, 11, '2021-03-07 00:10:05', 'EFECTIVO'),
(346, 165, 23, 12, '2021-03-07 00:10:36', 'EFECTIVO'),
(347, 166, 25, 8, '2021-03-07 00:14:32', 'EFECTIVO'),
(348, 167, 24, 11, '2021-03-07 00:17:30', 'EFECTIVO'),
(349, 168, 26, 8, '2021-03-07 00:18:13', 'EFECTIVO'),
(350, 169, 28, 8, '2021-03-07 00:18:55', 'POSNET'),
(351, 170, 12, 8, '2021-03-07 00:20:29', 'EFECTIVO'),
(352, 171, 29, 8, '2021-03-07 00:21:05', 'EFECTIVO'),
(353, 172, 7, 11, '2021-03-07 00:29:44', 'EFECTIVO'),
(354, 173, 30, 8, '2021-03-07 00:31:00', 'EFECTIVO'),
(355, 174, 1, 12, '2021-03-07 00:32:24', 'EFECTIVO'),
(356, 175, 31, 12, '2021-03-07 00:33:09', 'EFECTIVO'),
(357, 176, 17, 12, '2021-03-07 00:38:08', 'EFECTIVO'),
(358, 177, 5, 12, '2021-03-07 00:39:52', 'EFECTIVO'),
(359, 178, 31, 12, '2021-03-07 00:40:24', 'EFECTIVO'),
(360, 179, 1, 12, '2021-03-07 00:49:35', 'EFECTIVO'),
(361, 180, 11, 8, '2021-03-07 00:55:24', 'EFECTIVO'),
(362, 181, 1, 8, '2021-03-07 01:54:11', 'EFECTIVO'),
(363, 182, 2, 11, '2021-03-07 01:55:04', 'EFECTIVO'),
(364, 183, 3, 8, '2021-03-07 01:55:56', 'EFECTIVO'),
(365, 184, 6, 11, '2021-03-07 01:56:52', 'EFECTIVO'),
(366, 185, 7, 8, '2021-03-07 01:57:30', 'EFECTIVO'),
(367, 186, 9, 8, '2021-03-07 01:58:23', 'EFECTIVO'),
(368, 187, 1, 12, '2021-03-07 02:36:34', 'EFECTIVO'),
(369, 188, 2, 8, '2021-03-07 02:37:13', 'EFECTIVO'),
(370, 189, 1, 12, '2021-03-07 02:45:07', 'EFECTIVO'),
(371, 190, 1, 10, '2021-03-07 21:09:40', 'EFECTIVO'),
(372, 191, 2, 10, '2021-03-07 21:16:05', 'EFECTIVO'),
(373, 192, 3, 10, '2021-03-07 21:18:40', 'EFECTIVO'),
(374, 193, 4, 10, '2021-03-07 21:20:14', 'EFECTIVO'),
(375, 194, 60, 16, '2021-03-07 21:29:15', 'EFECTIVO'),
(376, 195, 60, 16, '2021-03-07 21:30:04', 'EFECTIVO'),
(377, 196, 60, 16, '2021-03-07 21:30:57', 'EFECTIVO'),
(378, 197, 37, 14, '2021-03-07 21:33:27', 'EFECTIVO'),
(379, 198, 5, 8, '2021-03-07 21:43:20', 'EFECTIVO'),
(380, 199, 6, 8, '2021-03-07 21:44:02', 'EFECTIVO'),
(381, 200, 7, 10, '2021-03-07 21:48:09', 'EFECTIVO'),
(382, 201, 8, 8, '2021-03-07 21:48:52', 'EFECTIVO'),
(383, 202, 1, 12, '2021-03-07 22:18:41', 'EFECTIVO'),
(384, 203, 2, 8, '2021-03-07 22:19:43', 'EFECTIVO'),
(385, 204, 9, 11, '2021-03-07 22:21:11', 'POSNET'),
(386, 205, 10, 11, '2021-03-07 22:22:14', 'EFECTIVO'),
(387, 206, 11, 11, '2021-03-07 22:23:37', 'EFECTIVO'),
(388, 207, 12, 11, '2021-03-07 22:27:58', 'EFECTIVO'),
(389, 208, 13, 12, '2021-03-07 22:29:10', 'EFECTIVO'),
(390, 209, 14, 10, '2021-03-07 22:31:55', 'EFECTIVO'),
(391, 210, 15, 14, '2021-03-07 22:32:45', 'POSNET'),
(392, 211, 16, 10, '2021-03-07 22:33:17', 'EFECTIVO'),
(393, 212, 17, 14, '2021-03-07 22:36:25', 'EFECTIVO'),
(394, 213, 18, 14, '2021-03-07 22:38:08', 'EFECTIVO'),
(395, 214, 18, 14, '2021-03-07 22:39:37', 'EFECTIVO'),
(396, 215, 18, 10, '2021-03-07 22:40:16', 'EFECTIVO'),
(397, 216, 18, 14, '2021-03-07 22:40:56', 'EFECTIVO'),
(398, 217, 18, 11, '2021-03-07 22:45:09', 'POSNET'),
(399, 218, 19, 11, '2021-03-07 22:49:10', 'EFECTIVO'),
(400, 219, 20, 11, '2021-03-07 22:50:21', 'EFECTIVO'),
(401, 220, 21, 11, '2021-03-07 22:50:55', 'EFECTIVO'),
(402, 221, 22, 12, '2021-03-07 22:51:54', 'EFECTIVO'),
(403, 222, 23, 14, '2021-03-07 22:52:32', 'EFECTIVO'),
(404, 223, 24, 12, '2021-03-07 22:53:19', 'EFECTIVO'),
(405, 224, 25, 12, '2021-03-07 22:53:45', 'EFECTIVO'),
(406, 225, 26, 11, '2021-03-07 22:54:27', 'EFECTIVO'),
(407, 226, 27, 10, '2021-03-07 22:55:08', 'EFECTIVO'),
(408, 227, 28, 10, '2021-03-07 22:58:53', 'EFECTIVO'),
(409, 228, 29, 14, '2021-03-07 23:01:02', 'EFECTIVO'),
(410, 229, 30, 10, '2021-03-07 23:03:32', 'EFECTIVO'),
(411, 230, 29, 10, '2021-03-07 23:04:52', 'EFECTIVO'),
(412, 231, 31, 12, '2021-03-07 23:05:31', 'EFECTIVO'),
(413, 232, 32, 8, '2021-03-07 23:06:00', 'EFECTIVO'),
(414, 233, 33, 8, '2021-03-07 23:15:28', 'EFECTIVO'),
(415, 234, 34, 14, '2021-03-07 23:17:54', 'EFECTIVO'),
(416, 235, 35, 8, '2021-03-07 23:23:11', 'EFECTIVO'),
(417, 236, 5, 10, '2021-03-07 23:27:50', 'EFECTIVO'),
(418, 237, 34, 12, '2021-03-07 23:35:03', 'EFECTIVO'),
(419, 238, 2, 14, '2021-03-08 00:01:37', 'EFECTIVO'),
(420, 239, 3, 14, '2021-03-08 00:02:16', 'EFECTIVO'),
(426, 242, 3, 12, '2021-03-08 21:20:37', 'EFECTIVO'),
(425, 241, 2, 11, '2021-03-08 20:59:34', 'EFECTIVO'),
(424, 240, 1, 10, '2021-03-08 20:56:21', 'EFECTIVO'),
(427, 243, 4, 12, '2021-03-08 21:30:07', 'EFECTIVO'),
(428, 244, 5, 11, '2021-03-08 21:35:59', 'EFECTIVO'),
(429, 245, 6, 10, '2021-03-08 21:36:47', 'EFECTIVO'),
(430, 246, 1, 10, '2021-03-08 21:50:58', 'EFECTIVO'),
(431, 247, 2, 10, '2021-03-08 21:51:32', 'EFECTIVO'),
(432, 248, 7, 10, '2021-03-08 21:52:27', 'EFECTIVO'),
(433, 249, 5, 12, '2021-03-08 22:01:26', 'EFECTIVO'),
(434, 250, 8, 12, '2021-03-08 22:03:41', 'EFECTIVO'),
(435, 251, 9, 11, '2021-03-08 22:13:35', 'EFECTIVO'),
(436, 252, 9, 11, '2021-03-08 22:20:13', 'EFECTIVO'),
(437, 253, 10, 12, '2021-03-08 22:21:59', 'EFECTIVO'),
(438, 254, 11, 12, '2021-03-08 22:22:41', 'EFECTIVO'),
(439, 255, 12, 14, '2021-03-08 22:23:29', 'EFECTIVO'),
(440, 256, 13, 12, '2021-03-08 22:24:33', 'EFECTIVO'),
(441, 257, 14, 12, '2021-03-08 22:27:13', 'EFECTIVO'),
(442, 258, 15, 10, '2021-03-08 22:28:12', 'EFECTIVO'),
(443, 259, 2, 12, '2021-03-08 22:38:54', 'EFECTIVO'),
(444, 260, 4, 10, '2021-03-08 22:39:26', 'EFECTIVO'),
(445, 261, 6, 12, '2021-03-08 22:40:47', 'EFECTIVO'),
(446, 262, 15, 10, '2021-03-08 22:41:24', 'EFECTIVO'),
(447, 263, 16, 11, '2021-03-08 22:42:35', 'EFECTIVO'),
(448, 264, 17, 11, '2021-03-08 22:43:49', 'EFECTIVO'),
(449, 265, 17, 12, '2021-03-08 22:45:08', 'EFECTIVO'),
(450, 266, 17, 11, '2021-03-08 22:51:04', 'POSNET'),
(451, 267, 14, 12, '2021-03-08 22:55:34', 'EFECTIVO'),
(452, 268, 18, 11, '2021-03-08 22:59:03', 'EFECTIVO'),
(453, 269, 19, 11, '2021-03-08 23:01:30', 'EFECTIVO'),
(454, 270, 20, 11, '2021-03-08 23:03:01', 'EFECTIVO'),
(455, 271, 21, 11, '2021-03-08 23:06:46', 'EFECTIVO'),
(456, 272, 1, 11, '2021-03-08 23:24:28', 'EFECTIVO'),
(457, 273, 3, 12, '2021-03-08 23:53:57', 'EFECTIVO'),
(458, 274, 1, 11, '2021-03-09 00:19:42', 'EFECTIVO'),
(459, 275, 1, 12, '2021-03-09 01:19:50', 'EFECTIVO'),
(460, 276, 1, 10, '2021-03-10 21:16:44', 'EFECTIVO'),
(461, 277, 2, 10, '2021-03-10 21:27:19', 'EFECTIVO'),
(462, 278, 3, 10, '2021-03-10 21:27:59', 'POSNET'),
(463, 279, 4, 11, '2021-03-10 21:29:22', 'EFECTIVO'),
(464, 280, 5, 11, '2021-03-10 21:37:09', 'EFECTIVO'),
(465, 281, 6, 11, '2021-03-10 21:37:47', 'EFECTIVO'),
(466, 282, 7, 10, '2021-03-10 22:07:54', 'EFECTIVO'),
(467, 283, 8, 10, '2021-03-10 22:08:50', 'EFECTIVO'),
(468, 284, 9, 10, '2021-03-10 22:15:00', 'EFECTIVO'),
(469, 285, 10, 11, '2021-03-10 22:16:31', 'EFECTIVO'),
(470, 286, 11, 11, '2021-03-10 22:17:52', 'EFECTIVO'),
(471, 287, 1, 11, '2021-03-10 22:19:36', 'POSNET'),
(472, 288, 2, 10, '2021-03-10 22:54:36', 'EFECTIVO'),
(473, 289, 3, 10, '2021-03-10 22:55:32', 'POSNET'),
(474, 290, 4, 10, '2021-03-10 22:56:17', 'EFECTIVO'),
(475, 291, 5, 11, '2021-03-10 23:17:33', 'EFECTIVO'),
(476, 292, 11, 11, '2021-03-10 23:18:16', 'EFECTIVO'),
(477, 293, 12, 11, '2021-03-10 23:23:11', 'EFECTIVO'),
(478, 294, 1, 10, '2021-03-10 23:30:02', 'EFECTIVO'),
(479, 295, 1, 11, '2021-03-11 21:17:04', 'EFECTIVO'),
(480, 296, 2, 12, '2021-03-11 21:59:03', 'POSNET'),
(481, 297, 3, 11, '2021-03-11 22:01:39', 'EFECTIVO'),
(482, 298, 4, 11, '2021-03-11 22:02:03', 'EFECTIVO'),
(483, 299, 5, 10, '2021-03-11 22:02:58', 'EFECTIVO'),
(484, 300, 6, 10, '2021-03-11 22:04:54', 'EFECTIVO'),
(485, 301, 7, 11, '2021-03-11 22:06:07', 'EFECTIVO'),
(486, 302, 8, 12, '2021-03-11 22:09:05', 'POSNET'),
(487, 303, 9, 10, '2021-03-11 22:10:09', 'EFECTIVO'),
(488, 304, 9, 10, '2021-03-11 22:13:04', 'EFECTIVO'),
(489, 305, 10, 10, '2021-03-11 22:15:10', 'EFECTIVO'),
(490, 306, 11, 12, '2021-03-11 22:16:41', 'EFECTIVO'),
(491, 307, 12, 10, '2021-03-11 22:22:18', 'EFECTIVO'),
(492, 308, 13, 11, '2021-03-11 22:23:14', 'EFECTIVO'),
(493, 309, 14, 11, '2021-03-11 22:24:01', 'EFECTIVO'),
(494, 310, 15, 12, '2021-03-11 22:26:51', 'EFECTIVO'),
(495, 311, 16, 10, '2021-03-11 22:32:12', 'EFECTIVO'),
(496, 312, 17, 11, '2021-03-11 22:33:40', 'EFECTIVO'),
(497, 313, 18, 11, '2021-03-11 22:41:49', 'EFECTIVO'),
(498, 314, 1, 11, '2021-03-11 22:45:29', 'EFECTIVO'),
(499, 315, 19, 10, '2021-03-11 22:47:48', 'EFECTIVO'),
(500, 316, 20, 10, '2021-03-11 22:48:43', 'EFECTIVO'),
(501, 317, 21, 10, '2021-03-11 22:49:12', 'EFECTIVO'),
(502, 318, 22, 11, '2021-03-11 22:50:16', 'EFECTIVO'),
(503, 319, 23, 12, '2021-03-11 22:51:11', 'EFECTIVO'),
(504, 320, 9, 10, '2021-03-11 23:34:49', 'EFECTIVO'),
(505, 321, 2, 12, '2021-03-11 23:53:48', 'EFECTIVO'),
(506, 322, 4, 10, '2021-03-11 23:57:41', 'EFECTIVO'),
(507, 323, 1, 12, '2021-03-12 01:18:11', 'EFECTIVO'),
(508, 324, 4, 12, '2021-03-12 01:20:57', 'EFECTIVO'),
(509, 325, 4, 10, '2021-03-12 01:46:50', 'EFECTIVO'),
(510, 326, 1, 12, '2021-03-12 19:53:30', 'EFECTIVO'),
(511, 327, 2, 12, '2021-03-12 20:19:44', 'EFECTIVO');

-- --------------------------------------------------------

--
-- Estructura de tabla para la tabla `mesas`
--

DROP TABLE IF EXISTS `mesas`;
CREATE TABLE IF NOT EXISTS `mesas` (
  `id` int(11) NOT NULL AUTO_INCREMENT,
  `numero_mesa` int(11) DEFAULT NULL,
  `estado` tinyint(1) NOT NULL,
  PRIMARY KEY (`id`)
) ENGINE=MyISAM AUTO_INCREMENT=99 DEFAULT CHARSET=utf8;

--
-- Volcado de datos para la tabla `mesas`
--

INSERT INTO `mesas` (`id`, `numero_mesa`, `estado`) VALUES
(1, 1, 0),
(2, 2, 1),
(3, 3, 1),
(4, 4, 1),
(5, 5, 1),
(6, 6, 1),
(7, 7, 1),
(8, 8, 1),
(9, 9, 1),
(10, 10, 1),
(67, 29, 1),
(66, 28, 1),
(65, 27, 1),
(64, 26, 1),
(63, 25, 1),
(62, 24, 1),
(61, 23, 1),
(60, 22, 1),
(59, 21, 1),
(58, 20, 1),
(57, 19, 1),
(56, 18, 1),
(55, 17, 1),
(54, 16, 1),
(53, 15, 1),
(52, 14, 1),
(51, 13, 1),
(50, 12, 1),
(49, 11, 1),
(68, 30, 1),
(69, 31, 1),
(70, 32, 1),
(71, 33, 1),
(72, 34, 1),
(73, 35, 1),
(74, 36, 1),
(75, 37, 1),
(76, 38, 1),
(77, 39, 1),
(78, 40, 1),
(79, 41, 1),
(80, 42, 1),
(81, 43, 1),
(82, 44, 1),
(83, 45, 1),
(84, 46, 1),
(85, 47, 1),
(86, 48, 1),
(87, 49, 1),
(88, 50, 1),
(89, 51, 1),
(90, 52, 1),
(91, 53, 1),
(92, 54, 1),
(93, 55, 1),
(94, 56, 1),
(95, 57, 1),
(96, 58, 1),
(97, 59, 1),
(98, 60, 1);

-- --------------------------------------------------------

--
-- Estructura de tabla para la tabla `productos`
--

DROP TABLE IF EXISTS `productos`;
CREATE TABLE IF NOT EXISTS `productos` (
  `nombre` varchar(100) DEFAULT NULL,
  `precio` decimal(10,2) DEFAULT NULL,
  `codigo` varchar(20) DEFAULT NULL,
  `categoria` varchar(20) DEFAULT NULL
) ENGINE=MyISAM DEFAULT CHARSET=utf8;

--
-- Volcado de datos para la tabla `productos`
--

INSERT INTO `productos` (`nombre`, `precio`, `codigo`, `categoria`) VALUES
('SAND. J. CRUDO', '280.00', '1011', 'COMIDAS'),
('SAND. BONDIOLA', '280.00', '1012', 'COMIDAS'),
('SAND. SALAME', '280.00', '1013', 'COMIDAS'),
('SANDWICH HÉRCULES', '330.00', '1014', 'TRAGOS'),
('SANDWICH MALVINAS', '330.00', '1016', 'TRAGOS'),
('SANDWICH ATÓMICO', '350.00', '1015', 'TRAGOS'),
('SANDWICH PECETO', '370.00', '1020', 'COMIDAS'),
('SAND. VEG. CLÁSICO', '270.00', '1018', 'TRAGOS'),
('SAND. L. AHUMADO', '370.00', '1022', 'TRAGOS'),
('SAND. VEG. BLUE', '270.00', '1019', 'TRAGOS'),
('SAND. TOSTADO', '300.00', '1021', 'TRAGOS'),
('BURGER SIMPLE', '350.00', '1031', 'COMIDAS'),
('BURGER LA ESTANCIA', '450.00', '1032', 'COMIDAS'),
('BURGER BOOM', '450.00', '1039', 'COMIDAS'),
('BURGER CON PALTA', '400.00', '1038', 'COMIDAS'),
('BURGER VEGETARIANA', '290.00', '1041', 'TRAGOS'),
('PIZZA MUZZA', '280.00', '1033', 'COMIDAS'),
('PIZZA ESPECIAL ', '320.00', '1034', 'COMIDAS'),
('PIZZA NAPOLIANA', '320.00', '1035', 'COMIDAS'),
('PIZZA SERRANA', '370.00', '1036', 'COMIDAS'),
('FRITAS CLASICAS', '300.00', '1040', 'COMIDAS'),
('FRITAS CON CHEDDAR', '330.00', '1047', 'COMIDAS'),
('FRITAS ATR', '380.00', '1048', 'COMIDAS'),
('QUESOS', '150.00', '1044', NULL),
('PAPAS COPETIN', '80.00', '1043', NULL),
('MANÍ', '50.00', '1042', NULL),
('BURGER CON RUCULA', '350.00', '1046', 'COMIDAS'),
('PIZZA SIN TAC', '450.00', '1037', NULL),
('POSTRE', '150.00', '1240', NULL),
('HELADO', '100.00', '1241', 'COMIDAS'),
('CERVEZA QUILMES X 1L', '300.00', '1140', 'COMIDAS'),
('ANDES CLASICA X 1L', '300.00', '1142', 'COMIDAS'),
('ANDES ORIGEN X 1L', '380.00', '1149', NULL),
('QUILMES STOUT X 1L', '300.00', '1147', 'COMIDAS'),
('IMPERIAL IPA APA ', '380.00', '1151', NULL),
('HEINEKEN X 1L', '380.00', '1152', NULL),
('CORONA X 710', '380.00', '1153', NULL),
('PATAGONIA X 710', '380.00', '1154', NULL),
('STELLA ARTOIS X 1L', '380.00', '1150', NULL),
('IMPERIAL LAGER X 1L', '270.00', '1143', NULL),
('PROMO PINTA X2', '300.00', '1145', 'COMIDAS'),
('LATA QUILMES', '170.00', '1111', NULL),
('LATA IMPERIAL IPA X 473', '200.00', '1117', NULL),
('LATA STELLA ARTOIS X 473', '200.00', '1114', NULL),
('LATA ANDES ORIGEN X 473', '200.00', '1113', NULL),
('LATA QUILMES STOUT X 473', '170.00', '1112', NULL),
('LATA PEÑON DEL AGUILA', '200.00', '1120', NULL),
('LA CAVERNA DEL BRUJO', '250.00', '1134', 'COMIDAS'),
('PINTA', '190.00', '1146', NULL),
('LATA IMPERIAL STOUT', '170.00', '1148', NULL),
('AGUA CHICA', '100.00', '1051', NULL),
('SODA X 500', '120.00', '1052', NULL),
('COCA CHICA', '120.00', '1053', NULL),
('SPRITE CHICA', '120.00', '1056', 'COMIDAS'),
('FANTA CHICA', '120.00', '1055', 'COMIDAS'),
('PEPSI CHICA', '120.00', '1058', 'COMIDAS'),
('SEVEN CHICA', '120.00', '1059', 'COMIDAS'),
('POMELO CHICA', '120.00', '1060', 'COMIDAS'),
('H2O CHICA', '100.00', '1061', 'COMIDAS'),
('VIDA X 600', '120.00', '1062', NULL),
('LATA SPEED', '200.00', '1076', 'BEBIDAS'),
('COCA X 1.5 L', '250.00', '1082', 'COMIDAS'),
('SPRITE X 1.5L', '250.00', '1083', 'COMIDAS'),
('FANTA X 1.5L', '250.00', '1084', 'COMIDAS'),
('SCHWP X 1.5L', '250.00', '1085', 'COMIDAS'),
('COCA VIDRIO X 1.25', '200.00', '1086', NULL),
('SPRITE VIDRIO X 1.25', '200.00', '1087', NULL),
('FANTA VIDRIO X 1.25', '200.00', '1088', NULL),
('PEPSI X 1.5L', '250.00', '1092', 'COMIDAS'),
('SEVEN X 1.5L', '250.00', '1093', 'COMIDAS'),
('MIRINDA X 1.5L', '250.00', '1094', 'COMIDAS'),
('POMELO X 1.5L', '250.00', '1096', 'COMIDAS'),
('AGUA MINERAL X 1.5L', '150.00', '1100', NULL),
('H2O X 1.5L', '200.00', '1101', NULL),
('VIDA X 1.5L', '200.00', '1104', NULL),
('ENSALADA PALTA', '250.00', '1023', 'COMIDAS'),
('ENSALADA CAPRESE', '200.00', '1024', 'COMIDAS'),
('ENSALADA RÚCULA', '200.00', '1025', 'COMIDAS'),
('COPA DE VINO', '100.00', '1301', NULL),
('MOJITO MALIBU', '300.00', '1204', 'BEBIDAS'),
('MOJITO CON FRUTILLA', '350.00', '1203', 'BEBIDAS'),
('MOJITO LA ESTANCIA', '300.00', '1200', NULL),
('MOJITO CLASICO', '300.00', '1201', 'BEBIDAS'),
('FERNET PREPARADO', '200.00', '1206', 'BEBIDAS'),
('ENSALADA RÚCULA', '230.00', '1026', 'COMIDAS'),
('SAND. POLLO', '350.00', '1017', 'COMIDAS'),
('PAPAS DEL TIO', '350.00', '1045', 'COMIDAS'),
('CORONA CHICA', '200.00', '1131', 'BEBIDAS'),
('SPRITE CHICA', '100.00', '1054', 'BEBIDAS'),
('SIERRA DE LOS PADRES CHICA', '100.00', '1063', 'COMIDAS'),
('LATA RED BULL', '200.00', '1077', 'BEBIDAS'),
('TONICA X 1,5L', '250.00', '1097', 'COMIDAS'),
('AWAFRUT X 1,65', '200.00', '1102', 'BEBIDAS'),
('H2O X 1,5', '200.00', '1106', 'COMIDAS'),
('CHANDON X 750', '950.00', '1321', 'BEBIDAS'),
('JUGO DE NARANJA', '170.00', '1008', 'BEBIDAS'),
('LICUADO', '170.00', '1009', 'BEBIDAS'),
('REFRESCO', '170.00', '1007', 'BEBIDAS'),
('FINCA GABRIEL', '480.00', '1310', 'BEBIDAS'),
('GOY. GOYE', '480.00', '1303', 'BEBIDAS'),
('GOY. BLANCO', '480.00', '1304', 'BEBIDAS'),
('JAQUE MATE', '480.00', '1306', 'BEBIDAS'),
('JAQUE M. RESERVA', '550.00', '1307', 'BEBIDAS'),
('COSECHA TARDIA', '480.00', '1311', 'BEBIDAS'),
('PRIVADO', '750.00', '1312', 'BEBIDAS'),
('50 AÑOS', '480.00', '1315', 'BEBIDAS'),
('FOLCLORE', '480.00', '1317', 'BEBIDAS'),
('COLECCION PAJAROS', '550.00', '1318', 'BEBIDAS'),
('MUM 187', '300.00', '1320', 'BEBIDAS'),
('MOJITO LA ESTANCIA', '300.00', '1202', 'BEBIDAS'),
('FERNET COMPARTIDO', '550.00', '1207', 'BEBIDAS'),
('MEDIDA DE FERNET', '150.00', '1208', 'BEBIDAS'),
('PROMO FERNET', '300.00', '1209', 'BEBIDAS'),
('GIN TONIC', '400.00', '1211', 'BEBIDAS'),
('GIN PINK', '400.00', '1212', 'BEBIDAS'),
('GIN TONIC PEPPER', '400.00', '1213', 'BEBIDAS'),
('GIN TONIC CON PEPINO', '400.00', '1214', 'BEBIDAS'),
('GIN TONIC POMELO', '400.00', '1215', 'BEBIDAS'),
('GIN TONIC NARANJA', '400.00', '1216', 'BEBIDAS'),
('CAMPARI', '200.00', '1220', 'BEBIDAS'),
('CAMPARI TONIC', '250.00', '1221', 'BEBIDAS'),
('GANCIA', '200.00', '1224', 'BEBIDAS'),
('DAIKIRI', '250.00', '1226', 'BEBIDAS'),
('DAIKIRI PINK', '300.00', '1227', 'COMIDAS'),
('APEROL', '200.00', '1230', 'BEBIDAS'),
('APEROL SPRITZ', '350.00', '1231', 'COMIDAS'),
('SMIRNOFF CITRIC', '200.00', '1233', 'COMIDAS'),
('SMIRNOFF RASPBERRY', '200.00', '1234', 'COMIDAS'),
('CAIPIROSKA', '200.00', '1235', 'COMIDAS'),
('GINPEROL', '250.00', '1237', 'BEBIDAS'),
('BAILEYS', '250.00', '1243', 'BEBIDAS'),
('J&B', '300.00', '1250', 'BEBIDAS'),
('WHITE HORSE', '250.00', '1251', 'COMIDAS'),
('J. WALKER RED LABEL', '280.00', '1255', 'BEBIDAS'),
('J. WALKER BLACK LABEL', '400.00', '1256', 'COMIDAS'),
('ENSALADA DE FRUTA', '150.00', '1242', 'COMIDAS'),
('LAS PERDICES', '800.00', '1325', 'BEBIDAS'),
('TERRAZAS', '800.00', '1326', 'COMIDAS'),
('Delibery', '50.00', '1400', ''),
('Adicional', '50.00', '1401', ''),
('PLATOS DE FIAMBRE', '200.00', '1050', ''),
('Promo Campari', '300.00', '1210', ''),
('PROMO CUBA LIBRE', '300.00', '1205', ''),
('GOY. CENTENARIO', '630.00', '1302', ''),
('CUBA LIBRE', '200.00', '1228', ''),
('GIN BOMBAY', '400.00', '1219', '');

-- --------------------------------------------------------

--
-- Estructura de tabla para la tabla `proveedores`
--

DROP TABLE IF EXISTS `proveedores`;
CREATE TABLE IF NOT EXISTS `proveedores` (
  `id` int(11) NOT NULL AUTO_INCREMENT,
  `nombre` varchar(100) DEFAULT NULL,
  PRIMARY KEY (`id`)
) ENGINE=MyISAM AUTO_INCREMENT=64 DEFAULT CHARSET=utf8;

--
-- Volcado de datos para la tabla `proveedores`
--

INSERT INTO `proveedores` (`id`, `nombre`) VALUES
(1, 'CAVAS DEL ARTESANO'),
(2, 'GOYENECHEA'),
(3, 'DISTRIMAX'),
(4, 'S. GUILIANO'),
(5, 'ALTO VERDE'),
(6, 'COCA DENIS'),
(7, 'GO BAR'),
(8, 'MANGUI'),
(9, 'LIMPIEZA ANDINA'),
(10, 'CARNICERÍA LOS OLIVOS'),
(11, 'CARNICERÍA DOMINGUEZ'),
(12, 'VERDULERIA LA ECONOMICA'),
(13, 'LIMPIEZA NICO'),
(14, 'LA SERENISIMA'),
(15, 'HIELO CAROLINA'),
(16, 'ACEITE MIGUEL'),
(17, 'ACEITE MASCAREL'),
(18, 'ONESCHUK'),
(19, 'PIZZAS CELIACOS'),
(20, 'CHASINADOS PEREZ'),
(21, 'FARGO'),
(22, 'PAN DANILO'),
(23, 'PAN CONEJO'),
(24, 'CINTIA SERQUERA'),
(25, 'GLADYS'),
(26, 'LIBRERIA'),
(27, 'FERNANDO MARTIN'),
(28, 'CERVEZA KULL'),
(29, 'FREDY JAQUE MATE'),
(30, 'DISTRIBUIDORA TORRES'),
(31, 'GRIDO'),
(32, 'DESCARTABLES'),
(33, 'CUENTA CORRIENTE'),
(34, 'CONTINENTE FERNANDO'),
(35, 'Bruno Laspina'),
(36, 'CERVEZA PEÑON'),
(37, '50 AÑOS'),
(38, 'MASOL'),
(39, 'ROJO'),
(40, 'SUPERMERCADO'),
(41, 'GAS'),
(42, 'OTROS'),
(43, 'CONTADORA LAFALLA'),
(44, 'ANA LIA TAPIA'),
(45, 'ROCIO ARGUELLO'),
(46, 'GABRIELA VARGAS'),
(47, 'RAFAEL MANGIAFICO'),
(48, 'MARTIN TORANZO'),
(49, 'BELEN CACERES'),
(50, 'BELEN PEREZ'),
(51, 'MARIEL ORTEGA'),
(52, 'GASTON SANCHEZ'),
(53, 'PABLO MODON'),
(54, 'DIEGO SERQUERA'),
(55, 'JIMENA TELLO'),
(56, 'AADI CAPIF'),
(57, 'SADAIC'),
(58, 'CARNICERÍA IL PORCO'),
(59, 'Delibery'),
(60, 'GASTON S. MIRANDA'),
(61, 'SANTIAGO MODON'),
(62, 'GABRIELA VARGAS'),
(63, 'SONIDO RODRIGO CASTRO');

-- --------------------------------------------------------

--
-- Estructura de tabla para la tabla `usuarios`
--

DROP TABLE IF EXISTS `usuarios`;
CREATE TABLE IF NOT EXISTS `usuarios` (
  `id` int(11) NOT NULL AUTO_INCREMENT,
  `nombre` varchar(50) NOT NULL,
  `contrasena` varchar(500) DEFAULT NULL,
  `rol` varchar(15) NOT NULL,
  PRIMARY KEY (`id`)
) ENGINE=MyISAM AUTO_INCREMENT=17 DEFAULT CHARSET=utf8;

--
-- Volcado de datos para la tabla `usuarios`
--

INSERT INTO `usuarios` (`id`, `nombre`, `contrasena`, `rol`) VALUES
(2, 'serqueradiego', '$2y$04$IixkXLEI71v5VQYQAOcCvenw05OvsahTkje1iSEECJ.fiLQNmlB8.', 'admin'),
(10, 'Ana Lia', '$2y$04$nUke5NrstuF15NOc4Tn19.1k28iUKLYP.yfdmq935grkkZevU2rMS', 'mozo'),
(6, 'Marcelo87', '$2y$04$XwCveQ/D4et5Cj0OUjCYhOQx3cFMn58K/M5YJaocXmpv.EvlUIaT2', 'cajero'),
(7, 'pablomodon', '$2y$04$AljHWQG77CJKyw0VyXRxbeALC0Phc3iCt2cxwYBpbAbUKxQ5l/oeK', 'admin'),
(8, 'Gastón', '$2y$04$ihJIo6eqytCxomN6HNCdMeDcHwm8uZw1AiT3mZGtYcWAW6L1O3rRy', 'mozo'),
(11, 'Belen P.', '$2y$04$SD3OKVYLxyqZ//YXiJbBhOeB4wBu7DQdHX/RIqrEVNSj8s2LEQqhi', 'mozo'),
(12, 'Mariel', '$2y$04$ovFMjKqkjbRzQBV01bbYKOmFvkZV4pQWaYX0sNQhsV0VrGUm8xkoO', 'mozo'),
(13, 'Fausto', '$2y$04$51gaJC6MH2IHiImNRr/En.GpGlX.Pdy20sgdWupXF5nRHEnuDbWxS', 'mozo'),
(14, 'Santiago', '$2y$04$h0WXSTNZEpNV6oBixVxGauzy5lZfLQVycXmCPGgf/z/PRlxhhJcIW', 'mozo'),
(15, 'cajero', '$2y$04$061v/slX6BK/PYkVLuga.OuwN9RLkR/qRSBh/pOTF9Ol0eenTsT16', 'cajero'),
(16, 'DELIVERY', '$2y$04$Gu88D6xbD2T6MBUe.ufPo.5kdSG7BQ6fdXeyEUp54nJa7FRGPB0dO', 'mozo');

-- --------------------------------------------------------

--
-- Estructura de tabla para la tabla `ventas`
--

DROP TABLE IF EXISTS `ventas`;
CREATE TABLE IF NOT EXISTS `ventas` (
  `producto` int(11) NOT NULL,
  `cantidad` int(11) DEFAULT NULL,
  `comanda` int(11) NOT NULL,
  `fecha` datetime DEFAULT NULL,
  KEY `fk_comanda` (`comanda`),
  KEY `fk_producto` (`producto`)
) ENGINE=MyISAM DEFAULT CHARSET=utf8;

--
-- Volcado de datos para la tabla `ventas`
--

INSERT INTO `ventas` (`producto`, `cantidad`, `comanda`, `fecha`) VALUES
(1062, 0, 1, '2021-03-02 21:12:54'),
(1113, 0, 1, '2021-03-02 21:13:01'),
(1045, 0, 1, '2021-03-02 21:13:05'),
(1038, 1, 1, '2021-03-02 21:13:22'),
(1087, 1, 2, '2021-03-02 21:15:22'),
(1014, 2, 2, '2021-03-02 21:15:26'),
(1021, 1, 2, '2021-03-02 21:15:31'),
(1047, 1, 2, '2021-03-02 21:15:38'),
(1113, 1, 3, '2021-03-02 21:25:25'),
(1114, 1, 3, '2021-03-02 21:25:34'),
(16, 1, 3, '2021-03-02 21:25:39'),
(1038, 1, 3, '2021-03-02 21:25:49'),
(1019, 1, 4, '2021-03-02 22:01:15'),
(1015, 1, 4, '2021-03-02 22:01:23'),
(1400, 1, 4, '2021-03-02 22:04:34'),
(1019, 1, 5, '2021-03-02 22:05:36'),
(1400, 1, 5, '2021-03-02 22:05:42'),
(1039, 2, 6, '2021-03-02 22:06:19'),
(1022, 1, 6, '2021-03-02 22:06:23'),
(1400, 1, 6, '2021-03-02 22:06:32'),
(1015, 1, 7, '2021-03-02 22:11:33'),
(1019, 1, 7, '2021-03-02 22:11:36'),
(1400, 1, 7, '2021-03-02 22:11:39'),
(1031, 2, 1, '2021-03-02 22:17:30'),
(1152, 2, 1, '2021-03-02 22:17:33'),
(1093, 1, 8, '2021-03-02 22:26:26'),
(1040, 1, 8, '2021-03-02 22:26:31'),
(1111, 2, 8, '2021-03-02 22:26:35'),
(1015, 2, 8, '2021-03-02 22:26:39'),
(1014, 2, 8, '2021-03-02 22:26:47'),
(1016, 1, 3, '2021-03-02 22:30:09'),
(1014, 3, 9, '2021-03-02 22:30:47'),
(1093, 1, 9, '2021-03-02 22:30:54'),
(1113, 1, 9, '2021-03-02 22:30:58'),
(1152, 2, 10, '2021-03-02 22:35:10'),
(1022, 1, 10, '2021-03-02 22:35:15'),
(1048, 1, 10, '2021-03-02 22:35:21'),
(1149, 1, 11, '2021-03-02 22:37:18'),
(1033, 1, 11, '2021-03-02 22:37:20'),
(1035, 1, 12, '2021-03-02 22:37:52'),
(1140, 1, 12, '2021-03-02 22:37:58'),
(1154, 1, 13, '2021-03-02 22:48:47'),
(1039, 1, 13, '2021-03-02 22:48:51'),
(1149, 2, 14, '2021-03-02 22:49:34'),
(1040, 1, 14, '2021-03-02 22:49:39'),
(1034, 2, 14, '2021-03-02 22:49:42'),
(1152, 1, 15, '2021-03-02 22:50:09'),
(1036, 1, 15, '2021-03-02 22:50:12'),
(1020, 1, 15, '2021-03-02 22:50:14'),
(1033, 1, 16, '2021-03-02 22:50:38'),
(1015, 1, 16, '2021-03-02 22:50:51'),
(1040, 1, 16, '2021-03-02 22:50:57'),
(1104, 1, 16, '2021-03-02 22:51:03'),
(1048, 1, 17, '2021-03-02 22:54:25'),
(1014, 2, 17, '2021-03-02 22:54:32'),
(1031, 1, 17, '2021-03-02 22:54:39'),
(1142, 4, 17, '2021-03-02 22:54:44'),
(1015, 2, 17, '2021-03-02 22:54:49'),
(1117, 1, 13, '2021-03-02 23:04:50'),
(1022, 1, 18, '2021-03-02 23:05:23'),
(1142, 1, 18, '2021-03-02 23:05:26'),
(1032, 1, 18, '2021-03-02 23:05:31'),
(1047, 1, 19, '2021-03-02 23:08:53'),
(1038, 2, 19, '2021-03-02 23:09:00'),
(1021, 1, 19, '2021-03-02 23:09:04'),
(1055, 0, 19, '2021-03-02 23:09:10'),
(1039, 2, 20, '2021-03-02 23:09:43'),
(1047, 1, 20, '2021-03-02 23:09:48'),
(1093, 1, 20, '2021-03-02 23:09:57'),
(1036, 1, 21, '2021-03-02 23:10:32'),
(1040, 1, 21, '2021-03-02 23:10:43'),
(1034, 1, 21, '2021-03-02 23:10:48'),
(1062, 1, 21, '2021-03-02 23:10:56'),
(1111, 1, 21, '2021-03-02 23:11:03'),
(1084, 1, 19, '2021-03-02 23:40:05'),
(1150, 1, 11, '2021-03-02 23:43:16'),
(1104, 1, 21, '2021-03-02 23:45:57'),
(1112, 2, 8, '2021-03-03 00:02:32'),
(1142, 1, 18, '2021-03-03 00:02:56'),
(1142, 2, 22, '2021-03-03 00:03:57'),
(1053, 1, 22, '2021-03-03 00:04:07'),
(1052, 2, 23, '2021-03-03 00:38:14'),
(1050, 2, 23, '2021-03-03 00:40:29'),
(1044, 1, 23, '2021-03-03 00:40:36'),
(1011, 1, 23, '2021-03-03 00:40:40'),
(1014, 1, 23, '2021-03-03 00:40:45'),
(1241, 1, 23, '2021-03-03 00:53:57'),
(1150, 3, 24, '2021-03-03 21:12:57'),
(1048, 0, 24, '2021-03-03 21:13:01'),
(1014, 0, 25, '2021-03-03 21:13:31'),
(48, 1, 25, '2021-03-03 21:13:37'),
(1150, 1, 25, '2021-03-03 21:13:40'),
(1048, 1, 25, '2021-03-03 21:13:55'),
(1214, 1, 26, '2021-03-03 21:14:58'),
(1212, 1, 26, '2021-03-03 21:15:14'),
(1058, 1, 26, '2021-03-03 21:15:39'),
(1062, 1, 26, '2021-03-03 21:15:57'),
(1034, 1, 26, '2021-03-03 21:16:12'),
(1040, 1, 26, '2021-03-03 21:16:15'),
(1047, 1, 26, '2021-03-03 21:16:18'),
(1015, 1, 26, '2021-03-03 21:16:22'),
(1062, 1, 26, '2021-03-03 21:51:44'),
(1036, 1, 27, '2021-03-03 22:36:42'),
(1045, 1, 27, '2021-03-03 22:36:46'),
(1020, 1, 27, '2021-03-03 22:36:51'),
(1007, 1, 27, '2021-03-03 22:36:55'),
(1053, 1, 27, '2021-03-03 22:36:59'),
(1044, 1, 27, '2021-03-03 22:37:04'),
(1049, 2, 28, '2021-03-03 22:44:43'),
(1047, 1, 28, '2021-03-03 22:44:50'),
(1048, 1, 28, '2021-03-03 22:44:53'),
(1062, 1, 28, '2021-03-03 22:45:00'),
(1149, 5, 28, '2021-03-03 22:45:20'),
(1033, 1, 28, '2021-03-03 22:45:24'),
(1034, 1, 28, '2021-03-03 22:45:26'),
(1035, 1, 28, '2021-03-03 22:45:31'),
(1036, 1, 28, '2021-03-03 22:45:34'),
(1019, 1, 28, '2021-03-03 22:45:38'),
(1154, 2, 29, '2021-03-03 22:46:22'),
(1044, 1, 29, '2021-03-03 22:46:26'),
(1014, 1, 29, '2021-03-03 22:46:32'),
(1036, 1, 29, '2021-03-03 22:46:34'),
(1033, 1, 30, '2021-03-03 22:46:59'),
(1062, 1, 30, '2021-03-03 22:47:01'),
(1112, 1, 30, '2021-03-03 22:47:07'),
(1154, 1, 31, '2021-03-03 22:47:40'),
(1039, 1, 31, '2021-03-03 22:47:43'),
(1035, 1, 32, '2021-03-03 22:51:13'),
(1015, 1, 32, '2021-03-03 22:51:16'),
(1018, 1, 32, '2021-03-03 22:51:19'),
(1093, 1, 32, '2021-03-03 22:51:31'),
(1040, 0, 33, '2021-03-03 22:52:28'),
(1036, 0, 33, '2021-03-03 22:52:33'),
(1142, 0, 33, '2021-03-03 22:52:38'),
(1038, 0, 34, '2021-03-03 22:53:17'),
(1038, 1, 34, '2021-03-03 22:53:19'),
(1047, 1, 34, '2021-03-03 22:53:22'),
(1036, 1, 34, '2021-03-03 22:53:25'),
(1034, 1, 34, '2021-03-03 22:53:28'),
(1150, 3, 34, '2021-03-03 22:53:33'),
(1059, 1, 34, '2021-03-03 22:53:45'),
(1102, 1, 35, '2021-03-03 22:54:22'),
(1150, 1, 35, '2021-03-03 22:54:34'),
(1047, 1, 35, '2021-03-03 22:54:36'),
(1035, 1, 35, '2021-03-03 22:54:39'),
(1214, 1, 36, '2021-03-03 22:58:08'),
(1031, 1, 36, '2021-03-03 22:58:13'),
(1035, 1, 36, '2021-03-03 22:58:17'),
(1062, 1, 36, '2021-03-03 22:58:21'),
(1049, 1, 37, '2021-03-03 22:59:12'),
(1014, 1, 37, '2021-03-03 22:59:16'),
(1015, 2, 37, '2021-03-03 22:59:19'),
(1022, 1, 37, '2021-03-03 22:59:23'),
(1040, 1, 37, '2021-03-03 22:59:26'),
(1084, 2, 37, '2021-03-03 22:59:46'),
(1062, 1, 25, '2021-03-03 23:00:36'),
(1131, 1, 25, '2021-03-03 23:00:59'),
(1020, 1, 25, '2021-03-03 23:01:05'),
(1056, 1, 25, '2021-03-03 23:01:28'),
(1015, 1, 38, '2021-03-03 23:05:45'),
(1020, 1, 38, '2021-03-03 23:05:49'),
(1200, 1, 38, '2021-03-03 23:06:01'),
(1113, 1, 38, '2021-03-03 23:06:10'),
(1031, 1, 34, '2021-03-03 23:06:37'),
(1149, 1, 34, '2021-03-03 23:06:52'),
(1241, 2, 30, '2021-03-03 23:07:30'),
(1031, 1, 39, '2021-03-03 23:10:47'),
(1022, 1, 39, '2021-03-03 23:10:54'),
(1038, 1, 39, '2021-03-03 23:11:00'),
(1140, 0, 39, '2021-03-03 23:11:09'),
(1149, 1, 39, '2021-03-03 23:11:14'),
(1056, 1, 39, '2021-03-03 23:11:18'),
(1035, 1, 29, '2021-03-03 23:25:11'),
(1153, 2, 29, '2021-03-03 23:25:21'),
(1039, 1, 40, '2021-03-03 23:25:46'),
(1021, 1, 40, '2021-03-03 23:25:48'),
(1047, 1, 40, '2021-03-03 23:25:51'),
(1152, 1, 40, '2021-03-03 23:25:54'),
(1213, 1, 40, '2021-03-03 23:26:22'),
(1020, 1, 41, '2021-03-03 23:27:04'),
(1149, 1, 41, '2021-03-03 23:27:09'),
(1093, 1, 42, '2021-03-03 23:41:37'),
(1033, 1, 42, '2021-03-03 23:41:40'),
(1047, 1, 42, '2021-03-03 23:41:42'),
(1014, 1, 24, '2021-03-03 23:43:15'),
(1047, 1, 24, '2021-03-03 23:43:32'),
(1240, 2, 27, '2021-03-03 23:47:21'),
(1117, 1, 31, '2021-03-03 23:47:42'),
(1149, 0, 43, '2021-03-03 23:51:01'),
(1047, 0, 43, '2021-03-03 23:51:04'),
(1149, 1, 39, '2021-03-03 23:57:44'),
(1053, 3, 29, '2021-03-04 00:23:43'),
(1200, 1, 29, '2021-03-04 00:25:45'),
(1209, 2, 38, '2021-03-04 00:29:56'),
(1206, 1, 38, '2021-03-04 00:30:06'),
(1211, 1, 38, '2021-03-04 00:30:19'),
(1226, 1, 28, '2021-03-04 00:35:45'),
(1149, 2, 41, '2021-03-04 00:36:57'),
(1043, 1, 41, '2021-03-04 00:37:00'),
(1211, 1, 40, '2021-03-04 00:37:52'),
(1241, 1, 40, '2021-03-04 00:38:05'),
(1015, 1, 44, '2021-03-04 00:38:59'),
(1020, 1, 44, '2021-03-04 00:39:05'),
(1200, 2, 44, '2021-03-04 00:39:17'),
(1113, 1, 44, '2021-03-04 00:39:22'),
(1150, 3, 45, '2021-03-04 01:41:18'),
(1036, 1, 45, '2021-03-04 01:41:22'),
(1034, 1, 45, '2021-03-04 01:41:25'),
(1100, 0, 46, '2021-03-04 19:43:16'),
(1311, 2, 47, '2021-03-04 21:49:22'),
(1007, 1, 47, '2021-03-04 21:49:29'),
(1050, 2, 47, '2021-03-04 21:49:47'),
(1044, 1, 47, '2021-03-04 21:49:53'),
(1401, 1, 47, '2021-03-04 21:50:13'),
(1047, 1, 47, '2021-03-04 21:51:30'),
(1149, 1, 48, '2021-03-04 21:52:50'),
(1053, 1, 48, '2021-03-04 21:52:55'),
(1015, 3, 48, '2021-03-04 21:52:58'),
(1038, 1, 48, '2021-03-04 21:53:04'),
(1020, 0, 48, '2021-03-04 21:54:08'),
(1093, 0, 48, '2021-03-04 21:54:17'),
(1020, 2, 49, '2021-03-04 21:54:54'),
(1093, 1, 49, '2021-03-04 21:54:58'),
(1149, 1, 50, '2021-03-04 22:06:22'),
(1015, 2, 50, '2021-03-04 22:06:29'),
(1047, 1, 51, '2021-03-04 22:06:55'),
(1039, 1, 51, '2021-03-04 22:07:01'),
(1015, 1, 51, '2021-03-04 22:07:04'),
(1096, 1, 51, '2021-03-04 22:07:34'),
(1152, 1, 52, '2021-03-04 22:07:59'),
(1032, 1, 52, '2021-03-04 22:08:03'),
(1047, 1, 52, '2021-03-04 22:08:07'),
(1039, 1, 52, '2021-03-04 22:08:10'),
(1154, 3, 53, '2021-03-04 22:08:37'),
(1043, 1, 53, '2021-03-04 22:08:40'),
(1036, 1, 53, '2021-03-04 22:08:44'),
(1022, 1, 54, '2021-03-04 22:09:08'),
(1016, 1, 54, '2021-03-04 22:09:11'),
(1096, 1, 54, '2021-03-04 22:09:17'),
(1034, 1, 55, '2021-03-04 22:09:50'),
(1082, 1, 55, '2021-03-04 22:09:59'),
(1036, 1, 56, '2021-03-04 22:10:24'),
(1018, 1, 56, '2021-03-04 22:10:28'),
(1096, 1, 56, '2021-03-04 22:10:34'),
(1048, 1, 57, '2021-03-04 22:10:59'),
(1020, 1, 57, '2021-03-04 22:11:02'),
(1149, 1, 57, '2021-03-04 22:11:05'),
(1019, 1, 58, '2021-03-04 22:11:47'),
(1022, 1, 58, '2021-03-04 22:11:49'),
(1049, 1, 59, '2021-03-04 22:22:58'),
(1039, 1, 59, '2021-03-04 22:23:08'),
(1022, 2, 59, '2021-03-04 22:23:16'),
(1149, 1, 59, '2021-03-04 22:23:19'),
(1062, 1, 59, '2021-03-04 22:23:23'),
(1048, 1, 60, '2021-03-04 22:24:03'),
(1150, 1, 60, '2021-03-04 22:24:06'),
(1062, 1, 60, '2021-03-04 22:24:09'),
(1015, 2, 60, '2021-03-04 22:24:13'),
(1020, 2, 60, '2021-03-04 22:24:16'),
(1032, 1, 60, '2021-03-04 22:24:19'),
(1015, 1, 61, '2021-03-04 22:24:46'),
(1012, 1, 61, '2021-03-04 22:24:54'),
(1113, 1, 61, '2021-03-04 22:24:59'),
(1047, 1, 62, '2021-03-04 22:26:43'),
(1022, 1, 62, '2021-03-04 22:26:46'),
(1015, 1, 62, '2021-03-04 22:26:52'),
(1014, 2, 62, '2021-03-04 22:26:55'),
(1149, 1, 62, '2021-03-04 22:26:57'),
(1084, 1, 62, '2021-03-04 22:27:11'),
(1014, 1, 63, '2021-03-04 22:37:00'),
(1022, 1, 63, '2021-03-04 22:37:04'),
(1140, 1, 63, '2021-03-04 22:37:07'),
(1014, 1, 64, '2021-03-04 22:51:21'),
(1047, 1, 64, '2021-03-04 22:51:25'),
(1140, 2, 64, '2021-03-04 22:51:31'),
(1212, 1, 64, '2021-03-04 22:51:40'),
(1062, 1, 64, '2021-03-04 22:51:43'),
(1149, 1, 48, '2021-03-04 22:52:52'),
(1149, 1, 59, '2021-03-04 22:53:17'),
(1150, 1, 60, '2021-03-04 22:54:15'),
(1104, 1, 60, '2021-03-04 22:54:18'),
(1011, 1, 53, '2021-03-04 23:04:16'),
(1152, 1, 65, '2021-03-04 23:04:45'),
(1047, 1, 65, '2021-03-04 23:04:51'),
(1152, 1, 66, '2021-03-04 23:05:21'),
(1011, 1, 66, '2021-03-04 23:05:42'),
(1152, 1, 66, '2021-03-04 23:27:07'),
(1007, 1, 66, '2021-03-04 23:27:35'),
(1200, 1, 47, '2021-03-04 23:28:19'),
(1211, 1, 47, '2021-03-04 23:28:31'),
(1206, 1, 47, '2021-03-04 23:28:47'),
(1243, 1, 47, '2021-03-04 23:28:55'),
(1093, 1, 52, '2021-03-04 23:29:52'),
(1150, 1, 50, '2021-03-04 23:54:40'),
(1087, 2, 67, '2021-03-05 00:16:02'),
(1140, 1, 67, '2021-03-05 00:16:24'),
(1011, 3, 67, '2021-03-05 00:16:29'),
(1047, 2, 67, '2021-03-05 00:16:33'),
(1031, 1, 67, '2021-03-05 00:16:41'),
(1036, 1, 65, '2021-03-05 00:39:53'),
(1150, 1, 65, '2021-03-05 00:39:57'),
(1211, 1, 63, '2021-03-05 01:24:36'),
(1226, 1, 63, '2021-03-05 01:24:49'),
(1152, 2, 68, '2021-03-05 21:47:27'),
(1031, 1, 68, '2021-03-05 21:48:34'),
(1016, 1, 68, '2021-03-05 21:48:37'),
(1014, 1, 68, '2021-03-05 21:48:41'),
(1007, 1, 69, '2021-03-05 21:51:16'),
(1020, 1, 69, '2021-03-05 21:51:20'),
(1233, 1, 69, '2021-03-05 21:51:29'),
(1150, 1, 70, '2021-03-05 21:51:58'),
(1048, 1, 70, '2021-03-05 21:52:00'),
(1014, 2, 71, '2021-03-05 21:52:24'),
(1013, 1, 71, '2021-03-05 21:52:31'),
(1047, 1, 71, '2021-03-05 21:52:35'),
(1149, 1, 71, '2021-03-05 21:52:37'),
(1093, 1, 71, '2021-03-05 21:52:41'),
(1149, 1, 72, '2021-03-05 21:53:08'),
(1044, 1, 73, '2021-03-05 21:53:35'),
(1140, 2, 73, '2021-03-05 21:53:38'),
(1047, 1, 73, '2021-03-05 21:53:46'),
(1032, 1, 73, '2021-03-05 21:54:40'),
(1036, 1, 74, '2021-03-05 21:56:20'),
(1034, 1, 74, '2021-03-05 21:56:23'),
(1047, 1, 74, '2021-03-05 21:56:26'),
(1142, 1, 74, '2021-03-05 21:56:29'),
(1062, 1, 74, '2021-03-05 21:56:43'),
(1040, 1, 75, '2021-03-05 21:57:11'),
(1056, 1, 75, '2021-03-05 21:57:14'),
(1142, 1, 75, '2021-03-05 21:57:25'),
(1152, 0, 76, '2021-03-05 21:58:25'),
(1150, 2, 77, '2021-03-05 22:03:00'),
(1047, 2, 77, '2021-03-05 22:03:04'),
(1039, 2, 78, '2021-03-05 22:03:26'),
(1093, 1, 78, '2021-03-05 22:03:30'),
(1150, 1, 79, '2021-03-05 22:03:59'),
(1020, 1, 79, '2021-03-05 22:04:02'),
(1014, 1, 79, '2021-03-05 22:04:05'),
(1035, 1, 80, '2021-03-05 22:04:29'),
(1014, 1, 80, '2021-03-05 22:04:32'),
(1087, 1, 80, '2021-03-05 22:04:36'),
(1034, 1, 81, '2021-03-05 22:04:58'),
(1047, 1, 81, '2021-03-05 22:05:01'),
(1053, 1, 81, '2021-03-05 22:05:04'),
(1149, 1, 81, '2021-03-05 22:05:06'),
(1020, 2, 82, '2021-03-05 22:05:33'),
(1031, 1, 82, '2021-03-05 22:05:36'),
(1048, 1, 82, '2021-03-05 22:05:42'),
(1102, 1, 82, '2021-03-05 22:05:47'),
(1154, 1, 83, '2021-03-05 22:07:01'),
(1047, 1, 83, '2021-03-05 22:07:09'),
(1150, 1, 84, '2021-03-05 22:11:09'),
(1231, 1, 84, '2021-03-05 22:11:24'),
(1015, 1, 84, '2021-03-05 22:11:28'),
(1032, 1, 84, '2021-03-05 22:11:32'),
(1038, 1, 84, '2021-03-05 22:11:34'),
(1015, 1, 85, '2021-03-05 22:12:18'),
(1047, 1, 85, '2021-03-05 22:12:20'),
(1150, 1, 85, '2021-03-05 22:12:22'),
(1014, 2, 77, '2021-03-05 22:13:06'),
(1018, 1, 77, '2021-03-05 22:13:12'),
(1039, 2, 77, '2021-03-05 22:13:16'),
(1031, 1, 77, '2021-03-05 22:13:20'),
(1150, 2, 77, '2021-03-05 22:13:25'),
(1062, 1, 77, '2021-03-05 22:13:31'),
(1014, 1, 75, '2021-03-05 22:15:12'),
(1015, 2, 75, '2021-03-05 22:15:33'),
(1014, 1, 86, '2021-03-05 22:15:55'),
(1015, 2, 86, '2021-03-05 22:15:57'),
(1104, 1, 86, '2021-03-05 22:16:02'),
(1039, 2, 87, '2021-03-05 22:16:31'),
(1093, 1, 87, '2021-03-05 22:16:35'),
(1011, 1, 88, '2021-03-05 22:17:01'),
(1014, 1, 88, '2021-03-05 22:17:05'),
(1306, 1, 88, '2021-03-05 22:17:24'),
(1040, 1, 88, '2021-03-05 22:17:29'),
(1062, 1, 88, '2021-03-05 22:17:36'),
(1047, 1, 89, '2021-03-05 22:18:09'),
(1117, 1, 89, '2021-03-05 22:18:14'),
(1062, 1, 89, '2021-03-05 22:18:17'),
(1150, 0, 89, '2021-03-05 22:19:12'),
(1011, 0, 89, '2021-03-05 22:19:16'),
(1020, 0, 89, '2021-03-05 22:19:39'),
(1150, 1, 90, '2021-03-05 22:20:22'),
(1011, 1, 90, '2021-03-05 22:20:24'),
(1020, 1, 90, '2021-03-05 22:20:26'),
(1031, 2, 91, '2021-03-05 22:20:54'),
(1015, 1, 91, '2021-03-05 22:20:57'),
(1016, 1, 91, '2021-03-05 22:20:59'),
(1040, 1, 91, '2021-03-05 22:21:04'),
(1084, 1, 91, '2021-03-05 22:21:17'),
(1140, 1, 91, '2021-03-05 22:21:21'),
(1149, 1, 92, '2021-03-05 22:21:51'),
(1014, 2, 92, '2021-03-05 22:21:54'),
(1018, 1, 92, '2021-03-05 22:21:57'),
(1014, 1, 93, '2021-03-05 22:22:29'),
(1020, 1, 93, '2021-03-05 22:22:31'),
(1047, 1, 93, '2021-03-05 22:22:34'),
(1093, 1, 93, '2021-03-05 22:22:37'),
(1044, 2, 94, '2021-03-05 22:23:24'),
(1150, 1, 94, '2021-03-05 22:23:28'),
(1031, 1, 94, '2021-03-05 22:23:30'),
(1056, 1, 94, '2021-03-05 22:23:32'),
(1040, 1, 95, '2021-03-05 22:25:40'),
(1048, 1, 95, '2021-03-05 22:25:43'),
(1014, 2, 95, '2021-03-05 22:25:46'),
(1142, 1, 95, '2021-03-05 22:25:48'),
(1053, 1, 95, '2021-03-05 22:25:55'),
(1104, 1, 96, '2021-03-05 22:26:43'),
(1047, 1, 96, '2021-03-05 22:26:46'),
(1022, 1, 96, '2021-03-05 22:26:52'),
(1111, 1, 96, '2021-03-05 22:27:07'),
(1142, 2, 97, '2021-03-05 22:27:37'),
(1053, 1, 97, '2021-03-05 22:27:42'),
(1153, 1, 97, '2021-03-05 22:27:55'),
(1047, 1, 97, '2021-03-05 22:27:58'),
(1048, 1, 97, '2021-03-05 22:28:02'),
(1152, 0, 97, '2021-03-05 22:28:39'),
(1036, 0, 97, '2021-03-05 22:28:42'),
(1047, 0, 97, '2021-03-05 22:28:46'),
(1152, 1, 98, '2021-03-05 22:29:15'),
(1036, 1, 98, '2021-03-05 22:29:17'),
(1047, 1, 98, '2021-03-05 22:29:20'),
(1053, 3, 99, '2021-03-05 22:29:55'),
(1035, 1, 99, '2021-03-05 22:30:01'),
(1050, 1, 99, '2021-03-05 22:30:18'),
(1044, 1, 99, '2021-03-05 22:30:23'),
(1140, 1, 75, '2021-03-05 22:30:58'),
(1056, 1, 81, '2021-03-05 22:31:30'),
(1031, 1, 68, '2021-03-05 22:31:51'),
(1014, 1, 69, '2021-03-05 22:32:30'),
(1047, 1, 69, '2021-03-05 22:32:32'),
(1201, 1, 69, '2021-03-05 22:32:40'),
(1056, 1, 100, '2021-03-05 22:42:07'),
(1060, 1, 100, '2021-03-05 22:42:27'),
(1036, 2, 97, '2021-03-05 22:44:19'),
(1035, 1, 97, '2021-03-05 22:44:23'),
(1140, 1, 97, '2021-03-05 22:44:28'),
(1033, 1, 97, '2021-03-05 22:44:31'),
(1334, 1, 89, '2021-03-05 22:47:53'),
(1037, 1, 89, '2021-03-05 22:48:18'),
(1150, 0, 101, '2021-03-05 22:52:05'),
(1140, 1, 91, '2021-03-05 22:55:42'),
(1012, 1, 102, '2021-03-05 23:07:37'),
(1087, 1, 102, '2021-03-05 23:07:42'),
(1039, 2, 102, '2021-03-05 23:07:44'),
(1200, 2, 81, '2021-03-05 23:08:28'),
(1140, 1, 73, '2021-03-05 23:09:04'),
(1150, 1, 79, '2021-03-05 23:09:26'),
(1055, 1, 99, '2021-03-05 23:09:55'),
(1142, 1, 95, '2021-03-05 23:10:40'),
(1053, 1, 95, '2021-03-05 23:10:43'),
(1149, 3, 72, '2021-03-05 23:11:09'),
(1152, 1, 98, '2021-03-05 23:11:29'),
(1150, 1, 84, '2021-03-05 23:12:01'),
(1211, 1, 84, '2021-03-05 23:12:07'),
(1150, 1, 85, '2021-03-05 23:12:48'),
(1142, 1, 74, '2021-03-05 23:13:27'),
(1062, 1, 74, '2021-03-05 23:13:34'),
(1056, 1, 103, '2021-03-05 23:14:10'),
(1039, 1, 103, '2021-03-05 23:14:15'),
(1035, 1, 103, '2021-03-05 23:14:23'),
(1020, 1, 90, '2021-03-05 23:14:44'),
(1062, 1, 90, '2021-03-05 23:14:50'),
(1149, 1, 104, '2021-03-05 23:21:31'),
(1150, 2, 77, '2021-03-05 23:21:54'),
(1020, 1, 105, '2021-03-05 23:22:47'),
(1149, 1, 105, '2021-03-05 23:22:49'),
(1140, 1, 75, '2021-03-05 23:38:53'),
(1242, 1, 75, '2021-03-05 23:39:10'),
(1150, 1, 72, '2021-03-05 23:45:56'),
(1154, 1, 83, '2021-03-05 23:48:06'),
(1117, 1, 96, '2021-03-05 23:51:11'),
(1056, 1, 96, '2021-03-05 23:51:30'),
(1150, 2, 106, '2021-03-05 23:52:22'),
(1048, 1, 106, '2021-03-05 23:52:26'),
(1031, 2, 106, '2021-03-05 23:52:34'),
(1201, 1, 69, '2021-03-05 23:53:23'),
(1008, 1, 69, '2021-03-05 23:53:32'),
(1150, 0, 101, '2021-03-05 23:54:36'),
(1039, 0, 101, '2021-03-05 23:54:42'),
(1038, 0, 101, '2021-03-05 23:54:50'),
(1020, 0, 101, '2021-03-05 23:54:59'),
(1149, 1, 104, '2021-03-05 23:55:32'),
(1150, 1, 79, '2021-03-05 23:58:26'),
(1149, 1, 92, '2021-03-06 00:08:00'),
(1200, 2, 79, '2021-03-06 00:08:52'),
(1240, 1, 81, '2021-03-06 00:21:35'),
(1150, 2, 84, '2021-03-06 00:21:57'),
(1211, 2, 84, '2021-03-06 00:22:00'),
(1053, 1, 84, '2021-03-06 00:22:06'),
(1148, 0, 100, '2021-03-06 00:22:33'),
(1048, 1, 100, '2021-03-06 00:25:00'),
(1014, 0, 107, '2021-03-06 00:30:48'),
(1013, 0, 107, '2021-03-06 00:30:55'),
(1047, 0, 107, '2021-03-06 00:30:59'),
(1149, 0, 107, '2021-03-06 00:31:01'),
(1093, 0, 107, '2021-03-06 00:31:07'),
(1200, 1, 107, '2021-03-06 00:31:12'),
(1243, 1, 107, '2021-03-06 00:31:20'),
(1104, 1, 107, '2021-03-06 00:31:22'),
(1007, 2, 97, '2021-03-06 00:31:38'),
(1154, 1, 97, '2021-03-06 00:31:42'),
(1140, 1, 97, '2021-03-06 00:31:45'),
(1200, 1, 97, '2021-03-06 00:31:51'),
(1200, 2, 77, '2021-03-06 00:32:51'),
(1240, 1, 77, '2021-03-06 00:32:56'),
(1241, 1, 77, '2021-03-06 00:32:59'),
(1242, 2, 94, '2021-03-06 00:35:46'),
(1241, 1, 94, '2021-03-06 00:35:53'),
(1226, 2, 94, '2021-03-06 00:36:05'),
(1200, 1, 105, '2021-03-06 00:47:17'),
(1206, 1, 105, '2021-03-06 00:47:37'),
(1150, 1, 90, '2021-03-06 00:48:41'),
(1240, 2, 90, '2021-03-06 00:48:45'),
(1241, 1, 90, '2021-03-06 00:48:49'),
(1200, 1, 102, '2021-03-06 00:49:20'),
(1241, 1, 102, '2021-03-06 00:49:23'),
(1255, 1, 95, '2021-03-06 00:50:12'),
(1149, 1, 80, '2021-03-06 00:50:32'),
(1200, 1, 80, '2021-03-06 00:50:35'),
(1233, 1, 80, '2021-03-06 00:50:44'),
(1211, 1, 89, '2021-03-06 00:51:52'),
(1150, 2, 95, '2021-03-06 00:54:10'),
(1014, 1, 95, '2021-03-06 00:54:13'),
(1016, 1, 95, '2021-03-06 00:54:16'),
(1211, 1, 93, '2021-03-06 00:54:36'),
(1150, 0, 101, '2021-03-06 00:55:57'),
(1059, 1, 91, '2021-03-06 00:58:16'),
(1060, 1, 91, '2021-03-06 00:58:51'),
(1013, 1, 91, '2021-03-06 00:58:56'),
(1016, 1, 91, '2021-03-06 00:59:00'),
(1256, 1, 91, '2021-03-06 00:59:51'),
(1140, 0, 108, '2021-03-06 01:04:00'),
(1206, 0, 108, '2021-03-06 01:04:13'),
(1200, 0, 108, '2021-03-06 01:04:18'),
(1206, 0, 108, '2021-03-06 01:04:21'),
(1140, 0, 108, '2021-03-06 01:04:23'),
(1149, 2, 109, '2021-03-06 01:07:14'),
(1149, 2, 110, '2021-03-06 01:07:39'),
(1043, 1, 110, '2021-03-06 01:07:43'),
(1211, 1, 111, '2021-03-06 01:08:05'),
(1113, 1, 111, '2021-03-06 01:08:07'),
(1038, 1, 112, '2021-03-06 01:09:12'),
(1140, 1, 112, '2021-03-06 01:09:15'),
(1150, 1, 112, '2021-03-06 01:09:17'),
(1020, 3, 112, '2021-03-06 01:09:20'),
(1039, 1, 112, '2021-03-06 01:09:23'),
(1149, 2, 110, '2021-03-06 01:13:19'),
(1211, 1, 111, '2021-03-06 01:21:36'),
(1113, 1, 111, '2021-03-06 01:21:40'),
(1043, 1, 111, '2021-03-06 01:21:47'),
(1200, 2, 86, '2021-03-06 01:38:36'),
(1211, 1, 86, '2021-03-06 01:38:43'),
(1062, 1, 86, '2021-03-06 01:38:46'),
(1149, 1, 83, '2021-03-06 01:46:05'),
(1206, 0, 108, '2021-03-06 01:52:41'),
(1311, 0, 113, '2021-03-06 01:53:46'),
(1321, 1, 113, '2021-03-06 01:54:04'),
(1076, 2, 113, '2021-03-06 01:54:15'),
(1206, 2, 114, '2021-03-06 01:55:07'),
(1233, 3, 114, '2021-03-06 01:55:19'),
(1154, 1, 115, '2021-03-06 01:55:45'),
(1203, 1, 115, '2021-03-06 01:55:50'),
(1111, 1, 75, '2021-03-06 01:56:19'),
(1211, 2, 75, '2021-03-06 01:56:23'),
(1056, 1, 75, '2021-03-06 01:56:33'),
(1211, 1, 97, '2021-03-06 01:57:00'),
(1200, 2, 97, '2021-03-06 01:57:05'),
(1087, 1, 97, '2021-03-06 01:57:10'),
(1211, 1, 109, '2021-03-06 02:21:14'),
(1140, 2, 116, '2021-03-06 02:50:10'),
(1043, 1, 116, '2021-03-06 02:50:19'),
(1149, 1, 117, '2021-03-06 21:03:16'),
(1043, 1, 117, '2021-03-06 21:03:24'),
(1039, 1, 118, '2021-03-06 21:04:07'),
(1047, 1, 118, '2021-03-06 21:04:12'),
(1007, 0, 118, '2021-03-06 21:04:15'),
(1117, 1, 118, '2021-03-06 21:04:24'),
(1044, 1, 119, '2021-03-06 21:07:22'),
(1048, 1, 119, '2021-03-06 21:07:27'),
(1154, 2, 119, '2021-03-06 21:07:34'),
(1062, 1, 119, '2021-03-06 21:11:43'),
(1020, 1, 119, '2021-03-06 21:11:47'),
(1014, 1, 119, '2021-03-06 21:11:51'),
(1009, 2, 118, '2021-03-06 21:30:10'),
(1022, 1, 120, '2021-03-06 21:30:34'),
(1152, 2, 120, '2021-03-06 21:30:38'),
(1022, 1, 121, '2021-03-06 21:40:44'),
(1034, 1, 121, '2021-03-06 21:40:50'),
(1150, 1, 121, '2021-03-06 21:40:52'),
(1055, 1, 117, '2021-03-06 21:41:34'),
(1012, 2, 122, '2021-03-06 21:56:00'),
(1093, 1, 122, '2021-03-06 21:56:08'),
(1140, 0, 123, '2021-03-06 22:03:21'),
(1016, 0, 123, '2021-03-06 22:03:25'),
(1015, 0, 123, '2021-03-06 22:03:44'),
(1140, 2, 124, '2021-03-06 22:04:40'),
(1022, 1, 124, '2021-03-06 22:18:56'),
(1033, 1, 124, '2021-03-06 22:18:58'),
(1014, 2, 124, '2021-03-06 22:19:01'),
(1140, 1, 125, '2021-03-06 22:21:35'),
(1016, 1, 125, '2021-03-06 22:21:39'),
(1015, 1, 125, '2021-03-06 22:21:45'),
(1310, 1, 126, '2021-03-06 22:22:36'),
(1102, 1, 126, '2021-03-06 22:22:54'),
(1020, 1, 127, '2021-03-06 22:23:33'),
(1015, 1, 127, '2021-03-06 22:23:40'),
(1140, 1, 127, '2021-03-06 22:24:18'),
(1153, 1, 128, '2021-03-06 22:25:07'),
(1031, 2, 128, '2021-03-06 22:25:11'),
(1084, 1, 128, '2021-03-06 22:25:22'),
(1038, 1, 128, '2021-03-06 22:25:25'),
(1020, 1, 128, '2021-03-06 22:25:28'),
(1039, 2, 129, '2021-03-06 22:25:58'),
(1062, 1, 129, '2021-03-06 22:26:02'),
(1114, 1, 129, '2021-03-06 22:26:06'),
(1048, 2, 130, '2021-03-06 22:26:45'),
(1036, 1, 130, '2021-03-06 22:26:48'),
(1034, 1, 130, '2021-03-06 22:26:55'),
(1035, 1, 130, '2021-03-06 22:26:59'),
(1149, 1, 130, '2021-03-06 22:27:02'),
(1084, 1, 130, '2021-03-06 22:27:07'),
(1117, 1, 131, '2021-03-06 22:27:29'),
(1056, 1, 131, '2021-03-06 22:27:35'),
(1047, 1, 131, '2021-03-06 22:27:42'),
(1038, 1, 132, '2021-03-06 22:28:10'),
(1056, 2, 132, '2021-03-06 22:28:28'),
(1020, 2, 132, '2021-03-06 22:28:37'),
(1140, 1, 132, '2021-03-06 22:28:40'),
(1014, 1, 133, '2021-03-06 22:29:40'),
(1015, 1, 133, '2021-03-06 22:29:42'),
(1035, 1, 133, '2021-03-06 22:29:47'),
(1036, 1, 133, '2021-03-06 22:29:50'),
(1021, 1, 133, '2021-03-06 22:29:53'),
(1048, 1, 133, '2021-03-06 22:29:57'),
(1140, 1, 133, '2021-03-06 22:30:02'),
(1104, 1, 133, '2021-03-06 22:30:07'),
(1022, 1, 134, '2021-03-06 22:31:10'),
(1019, 1, 134, '2021-03-06 22:31:15'),
(1021, 1, 134, '2021-03-06 22:31:23'),
(1154, 1, 134, '2021-03-06 22:31:27'),
(1048, 1, 134, '2021-03-06 22:31:30'),
(1153, 1, 135, '2021-03-06 22:35:00'),
(1154, 1, 136, '2021-03-06 22:37:52'),
(1047, 1, 136, '2021-03-06 22:37:57'),
(1053, 1, 136, '2021-03-06 22:38:01'),
(1401, 1, 136, '2021-03-06 22:38:12'),
(1048, 1, 137, '2021-03-06 22:39:50'),
(1150, 1, 137, '2021-03-06 22:39:54'),
(1039, 2, 138, '2021-03-06 22:40:58'),
(1031, 1, 138, '2021-03-06 22:43:36'),
(1047, 1, 138, '2021-03-06 22:43:43'),
(1048, 1, 138, '2021-03-06 22:43:54'),
(1020, 1, 138, '2021-03-06 22:43:59'),
(1015, 1, 138, '2021-03-06 22:45:17'),
(1104, 1, 138, '2021-03-06 22:45:35'),
(1140, 1, 138, '2021-03-06 22:45:37'),
(1034, 1, 139, '2021-03-06 22:47:18'),
(1036, 1, 139, '2021-03-06 22:47:20'),
(1037, 1, 139, '2021-03-06 22:47:36'),
(1047, 1, 139, '2021-03-06 22:47:39'),
(1084, 1, 139, '2021-03-06 22:47:45'),
(1031, 2, 140, '2021-03-06 22:53:14'),
(1032, 2, 140, '2021-03-06 22:53:19'),
(1040, 1, 140, '2021-03-06 22:53:25'),
(1102, 1, 140, '2021-03-06 22:53:32'),
(1140, 1, 140, '2021-03-06 22:53:34'),
(1039, 1, 141, '2021-03-06 22:55:05'),
(1032, 4, 141, '2021-03-06 22:55:08'),
(1096, 2, 141, '2021-03-06 22:55:15'),
(1140, 0, 141, '2021-03-06 22:55:17'),
(1150, 1, 142, '2021-03-06 22:55:53'),
(1059, 1, 142, '2021-03-06 22:56:15'),
(1140, 0, 142, '2021-03-06 22:56:43'),
(1040, 1, 142, '2021-03-06 22:57:02'),
(1020, 1, 142, '2021-03-06 22:57:06'),
(1012, 2, 143, '2021-03-06 22:57:39'),
(1013, 1, 143, '2021-03-06 22:57:47'),
(1048, 1, 143, '2021-03-06 22:57:54'),
(1096, 1, 143, '2021-03-06 22:58:04'),
(1034, 1, 144, '2021-03-06 22:59:15'),
(1048, 1, 144, '2021-03-06 22:59:17'),
(1102, 1, 144, '2021-03-06 22:59:20'),
(1053, 1, 145, '2021-03-06 23:00:18'),
(1031, 1, 145, '2021-03-06 23:00:22'),
(1020, 1, 145, '2021-03-06 23:00:29'),
(1152, 1, 145, '2021-03-06 23:00:33'),
(1021, 1, 145, '2021-03-06 23:00:37'),
(1154, 1, 145, '2021-03-06 23:00:52'),
(1053, 1, 145, '2021-03-06 23:00:56'),
(1047, 1, 145, '2021-03-06 23:00:58'),
(1401, 1, 145, '2021-03-06 23:01:13'),
(1036, 1, 146, '2021-03-06 23:02:04'),
(1150, 1, 146, '2021-03-06 23:02:07'),
(1104, 1, 147, '2021-03-06 23:02:37'),
(1047, 1, 147, '2021-03-06 23:02:40'),
(1039, 1, 147, '2021-03-06 23:02:46'),
(1020, 1, 147, '2021-03-06 23:02:50'),
(1241, 2, 121, '2021-03-06 23:03:06'),
(1140, 1, 148, '2021-03-06 23:03:25'),
(1053, 1, 148, '2021-03-06 23:03:28'),
(1048, 1, 148, '2021-03-06 23:03:32'),
(1014, 2, 148, '2021-03-06 23:03:38'),
(1031, 1, 148, '2021-03-06 23:03:44'),
(1036, 1, 149, '2021-03-06 23:04:14'),
(1035, 1, 149, '2021-03-06 23:04:16'),
(1093, 1, 149, '2021-03-06 23:04:22'),
(1149, 1, 149, '2021-03-06 23:04:27'),
(1150, 1, 150, '2021-03-06 23:04:59'),
(1020, 1, 150, '2021-03-06 23:05:01'),
(1022, 1, 150, '2021-03-06 23:05:04'),
(1150, 1, 128, '2021-03-06 23:05:33'),
(1149, 1, 128, '2021-03-06 23:05:38'),
(1020, 1, 128, '2021-03-06 23:05:41'),
(1040, 1, 128, '2021-03-06 23:05:47'),
(1036, 1, 128, '2021-03-06 23:05:50'),
(1241, 4, 124, '2021-03-06 23:06:12'),
(1104, 1, 138, '2021-03-06 23:06:36'),
(1039, 2, 117, '2021-03-06 23:12:08'),
(1047, 1, 117, '2021-03-06 23:12:15'),
(1149, 2, 117, '2021-03-06 23:12:20'),
(1031, 1, 126, '2021-03-06 23:22:59'),
(1032, 1, 126, '2021-03-06 23:23:01'),
(1020, 1, 126, '2021-03-06 23:23:04'),
(1022, 1, 126, '2021-03-06 23:23:07'),
(1015, 1, 151, '2021-03-06 23:25:51'),
(1036, 1, 151, '2021-03-06 23:25:55'),
(1153, 1, 151, '2021-03-06 23:26:06'),
(1211, 1, 152, '2021-03-06 23:27:50'),
(1206, 1, 152, '2021-03-06 23:27:56'),
(1140, 1, 152, '2021-03-06 23:27:58'),
(1047, 1, 152, '2021-03-06 23:28:03'),
(1154, 0, 152, '2021-03-06 23:28:08'),
(1016, 2, 152, '2021-03-06 23:28:12'),
(1014, 1, 152, '2021-03-06 23:28:16'),
(1048, 1, 153, '2021-03-06 23:29:03'),
(1104, 1, 153, '2021-03-06 23:29:17'),
(1149, 1, 153, '2021-03-06 23:29:20'),
(1020, 2, 153, '2021-03-06 23:29:22'),
(1114, 1, 129, '2021-03-06 23:29:51'),
(1231, 1, 129, '2021-03-06 23:30:16'),
(1140, 1, 133, '2021-03-06 23:30:38'),
(1020, 1, 154, '2021-03-06 23:31:45'),
(1031, 1, 154, '2021-03-06 23:31:52'),
(1039, 1, 154, '2021-03-06 23:32:10'),
(1053, 1, 154, '2021-03-06 23:32:16'),
(1055, 1, 154, '2021-03-06 23:32:20'),
(1117, 1, 154, '2021-03-06 23:32:30'),
(1231, 1, 150, '2021-03-06 23:33:50'),
(1211, 2, 132, '2021-03-06 23:37:40'),
(1233, 1, 132, '2021-03-06 23:37:48'),
(1149, 1, 155, '2021-03-06 23:38:19'),
(1053, 2, 155, '2021-03-06 23:38:22'),
(1048, 1, 155, '2021-03-06 23:38:26'),
(1031, 1, 155, '2021-03-06 23:38:30'),
(1036, 2, 155, '2021-03-06 23:38:34'),
(1034, 1, 155, '2021-03-06 23:38:40'),
(1053, 2, 155, '2021-03-06 23:38:46'),
(1149, 1, 155, '2021-03-06 23:38:49'),
(1015, 1, 156, '2021-03-06 23:45:02'),
(1318, 2, 156, '2021-03-06 23:45:28'),
(1149, 1, 157, '2021-03-06 23:46:45'),
(1048, 1, 157, '2021-03-06 23:46:51'),
(1036, 1, 157, '2021-03-06 23:46:55'),
(1034, 1, 157, '2021-03-06 23:46:58'),
(1154, 1, 134, '2021-03-06 23:50:46'),
(1062, 1, 134, '2021-03-06 23:50:49'),
(1211, 2, 153, '2021-03-06 23:56:52'),
(1047, 1, 158, '2021-03-06 23:57:25'),
(1036, 1, 158, '2021-03-06 23:57:28'),
(1014, 1, 158, '2021-03-06 23:57:33'),
(1150, 1, 158, '2021-03-06 23:57:35'),
(1047, 1, 159, '2021-03-07 00:02:33'),
(1036, 1, 159, '2021-03-07 00:03:16'),
(1014, 1, 159, '2021-03-07 00:03:19'),
(1150, 1, 159, '2021-03-07 00:03:21'),
(1150, 1, 160, '2021-03-07 00:04:06'),
(1206, 1, 160, '2021-03-07 00:04:10'),
(1220, 1, 160, '2021-03-07 00:04:17'),
(1048, 1, 161, '2021-03-07 00:06:43'),
(1111, 1, 161, '2021-03-07 00:06:48'),
(1062, 1, 161, '2021-03-07 00:06:52'),
(1014, 1, 162, '2021-03-07 00:07:23'),
(1011, 1, 162, '2021-03-07 00:07:26'),
(1150, 1, 162, '2021-03-07 00:07:28'),
(1211, 1, 163, '2021-03-07 00:07:55'),
(1233, 1, 163, '2021-03-07 00:08:08'),
(1200, 1, 164, '2021-03-07 00:10:12'),
(1211, 1, 164, '2021-03-07 00:10:15'),
(1149, 0, 165, '2021-03-07 00:10:40'),
(1150, 1, 159, '2021-03-07 00:11:12'),
(1096, 1, 143, '2021-03-07 00:11:42'),
(1206, 3, 143, '2021-03-07 00:11:45'),
(1150, 1, 128, '2021-03-07 00:12:21'),
(1084, 1, 128, '2021-03-07 00:12:26'),
(1149, 2, 130, '2021-03-07 00:12:52'),
(1211, 3, 130, '2021-03-07 00:12:55'),
(1231, 1, 130, '2021-03-07 00:13:05'),
(1015, 2, 135, '2021-03-07 00:13:24'),
(1153, 1, 135, '2021-03-07 00:13:27'),
(1037, 1, 166, '2021-03-07 00:14:45'),
(1014, 1, 166, '2021-03-07 00:14:49'),
(1040, 1, 166, '2021-03-07 00:14:57'),
(1092, 0, 166, '2021-03-07 00:15:05'),
(1153, 1, 166, '2021-03-07 00:15:58'),
(1317, 1, 167, '2021-03-07 00:17:38'),
(1020, 2, 168, '2021-03-07 00:18:18'),
(1104, 1, 168, '2021-03-07 00:18:27'),
(1153, 1, 168, '2021-03-07 00:18:32'),
(1241, 2, 168, '2021-03-07 00:18:37'),
(1150, 1, 169, '2021-03-07 00:18:59'),
(1015, 1, 169, '2021-03-07 00:19:08'),
(1039, 2, 169, '2021-03-07 00:19:12'),
(1097, 1, 169, '2021-03-07 00:19:53'),
(1104, 1, 170, '2021-03-07 00:20:35'),
(1019, 2, 171, '2021-03-07 00:22:39'),
(1149, 1, 171, '2021-03-07 00:22:46'),
(1040, 1, 171, '2021-03-07 00:22:50'),
(1211, 2, 172, '2021-03-07 00:29:52'),
(1233, 1, 173, '2021-03-07 00:31:08'),
(1211, 2, 173, '2021-03-07 00:31:12'),
(1226, 1, 173, '2021-03-07 00:31:43'),
(1033, 1, 174, '2021-03-07 00:32:29'),
(1018, 1, 174, '2021-03-07 00:32:32'),
(1084, 1, 174, '2021-03-07 00:32:41'),
(1200, 1, 175, '2021-03-07 00:33:17'),
(1200, 1, 176, '2021-03-07 00:38:41'),
(1231, 1, 176, '2021-03-07 00:38:55'),
(1233, 6, 177, '2021-03-07 00:40:01'),
(1039, 2, 178, '2021-03-07 00:40:29'),
(1034, 2, 178, '2021-03-07 00:40:32'),
(1149, 1, 178, '2021-03-07 00:40:35'),
(1211, 2, 132, '2021-03-07 00:40:57'),
(1233, 2, 132, '2021-03-07 00:41:05'),
(1053, 1, 152, '2021-03-07 00:41:33'),
(1140, 1, 152, '2021-03-07 00:41:35'),
(1220, 2, 128, '2021-03-07 00:42:08'),
(1206, 1, 128, '2021-03-07 00:42:12'),
(1200, 2, 142, '2021-03-07 00:42:34'),
(1211, 1, 160, '2021-03-07 00:43:01'),
(1200, 1, 160, '2021-03-07 00:43:03'),
(1206, 1, 160, '2021-03-07 00:44:11'),
(1053, 2, 171, '2021-03-07 00:47:53'),
(1200, 1, 149, '2021-03-07 00:48:18'),
(1038, 1, 149, '2021-03-07 00:48:21'),
(1243, 1, 149, '2021-03-07 00:48:38'),
(1014, 1, 179, '2021-03-07 00:49:40'),
(1149, 2, 179, '2021-03-07 00:49:42'),
(1211, 1, 180, '2021-03-07 00:55:29'),
(1206, 0, 180, '2021-03-07 00:55:31'),
(1243, 1, 180, '2021-03-07 00:55:43'),
(1062, 1, 166, '2021-03-07 00:56:48'),
(1076, 1, 155, '2021-03-07 00:57:11'),
(1211, 0, 155, '2021-03-07 00:57:18'),
(1009, 2, 155, '2021-03-07 00:57:24'),
(1200, 1, 155, '2021-03-07 00:57:30'),
(1096, 1, 155, '2021-03-07 00:57:43'),
(1149, 0, 155, '2021-03-07 00:57:46'),
(1053, 1, 155, '2021-03-07 00:57:49'),
(1203, 1, 155, '2021-03-07 00:58:17'),
(1009, 1, 155, '2021-03-07 00:58:35'),
(1076, 2, 177, '2021-03-07 00:59:02'),
(1022, 1, 137, '2021-03-07 01:01:21'),
(1031, 1, 137, '2021-03-07 01:01:24'),
(1152, 1, 137, '2021-03-07 01:01:26'),
(1058, 1, 166, '2021-03-07 01:13:38'),
(1231, 2, 178, '2021-03-07 01:19:09'),
(1211, 1, 178, '2021-03-07 01:19:12'),
(1206, 1, 178, '2021-03-07 01:19:15'),
(1149, 1, 178, '2021-03-07 01:19:19'),
(1206, 1, 155, '2021-03-07 01:21:29'),
(1009, 1, 155, '2021-03-07 01:21:33'),
(1206, 3, 143, '2021-03-07 01:34:18'),
(1200, 1, 164, '2021-03-07 01:42:34'),
(1211, 1, 164, '2021-03-07 01:42:37'),
(1209, 1, 180, '2021-03-07 01:45:19'),
(1200, 1, 163, '2021-03-07 01:48:52'),
(1235, 0, 181, '2021-03-07 01:54:23'),
(1149, 1, 181, '2021-03-07 01:54:25'),
(1226, 1, 182, '2021-03-07 01:55:18'),
(1200, 1, 182, '2021-03-07 01:55:32'),
(1140, 2, 183, '2021-03-07 01:56:00'),
(1140, 2, 184, '2021-03-07 01:56:55'),
(1233, 1, 184, '2021-03-07 01:57:12'),
(1203, 1, 185, '2021-03-07 01:57:39'),
(1212, 1, 185, '2021-03-07 01:57:47'),
(1149, 1, 186, '2021-03-07 01:58:33'),
(1211, 7, 135, '2021-03-07 02:00:13'),
(1149, 1, 181, '2021-03-07 02:00:42'),
(1211, 1, 181, '2021-03-07 02:00:50'),
(1226, 1, 181, '2021-03-07 02:01:05'),
(1200, 1, 181, '2021-03-07 02:26:11'),
(1211, 1, 181, '2021-03-07 02:26:13'),
(1233, 5, 177, '2021-03-07 02:31:00'),
(1220, 1, 177, '2021-03-07 02:31:10'),
(1200, 1, 177, '2021-03-07 02:31:14'),
(1022, 1, 187, '2021-03-07 02:36:38'),
(1011, 1, 187, '2021-03-07 02:36:41'),
(1149, 2, 187, '2021-03-07 02:36:46'),
(1206, 2, 187, '2021-03-07 02:36:52'),
(1140, 0, 188, '2021-03-07 02:37:31'),
(1226, 0, 188, '2021-03-07 02:37:39'),
(1200, 1, 185, '2021-03-07 02:38:34'),
(1211, 1, 185, '2021-03-07 02:38:37'),
(1140, 2, 189, '2021-03-07 02:45:12'),
(1226, 1, 189, '2021-03-07 02:45:16'),
(1036, 1, 190, '2021-03-07 21:09:46'),
(1031, 3, 190, '2021-03-07 21:09:51'),
(1086, 1, 190, '2021-03-07 21:11:01'),
(1047, 1, 190, '2021-03-07 21:11:05'),
(1015, 3, 191, '2021-03-07 21:16:13'),
(1149, 2, 191, '2021-03-07 21:16:35'),
(1011, 1, 192, '2021-03-07 21:18:47'),
(1140, 1, 192, '2021-03-07 21:18:51'),
(1062, 1, 192, '2021-03-07 21:18:58'),
(1011, 0, 193, '2021-03-07 21:20:19'),
(1011, 1, 193, '2021-03-07 21:20:45'),
(1020, 1, 193, '2021-03-07 21:20:55'),
(1149, 1, 193, '2021-03-07 21:21:00'),
(1020, 2, 194, '2021-03-07 21:29:31'),
(1022, 1, 194, '2021-03-07 21:29:36'),
(1020, 2, 195, '2021-03-07 21:30:09'),
(1020, 1, 196, '2021-03-07 21:31:24'),
(1022, 1, 196, '2021-03-07 21:31:27'),
(1140, 1, 197, '2021-03-07 21:36:59'),
(1055, 1, 197, '2021-03-07 21:41:44'),
(1014, 3, 197, '2021-03-07 21:42:22'),
(1140, 1, 197, '2021-03-07 21:42:30'),
(1047, 0, 198, '2021-03-07 21:43:25'),
(1104, 0, 198, '2021-03-07 21:43:30'),
(1034, 2, 199, '2021-03-07 21:44:11'),
(1034, 2, 199, '2021-03-07 21:44:11'),
(1033, 1, 199, '2021-03-07 21:45:01'),
(1033, 1, 199, '2021-03-07 21:45:06'),
(1047, 2, 199, '2021-03-07 21:45:10'),
(1140, 1, 199, '2021-03-07 21:45:16'),
(1104, 1, 199, '2021-03-07 21:45:51'),
(1056, 2, 199, '2021-03-07 21:46:24'),
(1058, 1, 199, '2021-03-07 21:46:48'),
(1056, 1, 190, '2021-03-07 21:47:15'),
(1053, 2, 190, '2021-03-07 21:47:31'),
(1015, 1, 200, '2021-03-07 21:48:13'),
(1149, 1, 200, '2021-03-07 21:48:17'),
(1062, 1, 200, '2021-03-07 21:48:30'),
(1011, 1, 201, '2021-03-07 21:49:39'),
(1104, 1, 201, '2021-03-07 21:50:06'),
(1014, 2, 201, '2021-03-07 21:50:10'),
(1140, 1, 201, '2021-03-07 21:50:51'),
(1023, 1, 202, '2021-03-07 22:19:00'),
(1152, 1, 202, '2021-03-07 22:19:03'),
(1019, 1, 202, '2021-03-07 22:19:08'),
(1022, 1, 202, '2021-03-07 22:19:18'),
(1149, 1, 202, '2021-03-07 22:19:21'),
(1011, 1, 202, '2021-03-07 22:19:23'),
(1009, 1, 203, '2021-03-07 22:19:59'),
(1031, 1, 203, '2021-03-07 22:20:03'),
(1014, 1, 203, '2021-03-07 22:20:06'),
(1117, 1, 203, '2021-03-07 22:20:43'),
(1034, 2, 203, '2021-03-07 22:20:47'),
(1104, 1, 203, '2021-03-07 22:20:51'),
(1033, 2, 204, '2021-03-07 22:21:14'),
(1034, 1, 204, '2021-03-07 22:21:18'),
(1149, 1, 204, '2021-03-07 22:21:20'),
(1142, 1, 204, '2021-03-07 22:21:31'),
(1104, 1, 204, '2021-03-07 22:21:36'),
(1153, 1, 204, '2021-03-07 22:21:40'),
(1033, 1, 205, '2021-03-07 22:22:18'),
(1034, 1, 205, '2021-03-07 22:22:21'),
(1021, 0, 205, '2021-03-07 22:23:04'),
(1062, 2, 205, '2021-03-07 22:23:17'),
(1047, 0, 206, '2021-03-07 22:23:41'),
(1047, 1, 207, '2021-03-07 22:28:09'),
(1033, 1, 207, '2021-03-07 22:28:12'),
(1019, 1, 207, '2021-03-07 22:28:15'),
(1150, 1, 207, '2021-03-07 22:28:18'),
(1104, 1, 207, '2021-03-07 22:28:28'),
(1056, 1, 207, '2021-03-07 22:28:32'),
(1152, 2, 208, '2021-03-07 22:29:22'),
(1047, 1, 208, '2021-03-07 22:29:56'),
(1104, 1, 208, '2021-03-07 22:30:25'),
(1015, 0, 208, '2021-03-07 22:30:28'),
(1019, 1, 208, '2021-03-07 22:30:31'),
(1031, 1, 208, '2021-03-07 22:30:34'),
(1035, 1, 208, '2021-03-07 22:30:43'),
(1047, 1, 208, '2021-03-07 22:30:46'),
(1140, 1, 209, '2021-03-07 22:31:59'),
(1035, 1, 210, '2021-03-07 22:32:50'),
(1152, 1, 210, '2021-03-07 22:32:52'),
(1047, 1, 210, '2021-03-07 22:32:54'),
(1150, 1, 211, '2021-03-07 22:33:23'),
(1053, 1, 211, '2021-03-07 22:33:29'),
(1033, 1, 212, '2021-03-07 22:36:29'),
(1034, 1, 212, '2021-03-07 22:36:32'),
(1142, 2, 212, '2021-03-07 22:36:37'),
(1053, 2, 212, '2021-03-07 22:36:41'),
(1059, 2, 212, '2021-03-07 22:37:03'),
(1050, 2, 212, '2021-03-07 22:37:19'),
(1142, 0, 213, '2021-03-07 22:38:13'),
(1055, 0, 213, '2021-03-07 22:38:23'),
(1014, 0, 213, '2021-03-07 22:38:31'),
(1140, 1, 213, '2021-03-07 22:38:38'),
(1241, 0, 213, '2021-03-07 22:38:44'),
(1047, 1, 214, '2021-03-07 22:39:41'),
(1140, 1, 214, '2021-03-07 22:39:46'),
(1104, 1, 214, '2021-03-07 22:39:54'),
(1035, 1, 214, '2021-03-07 22:40:03'),
(1032, 2, 215, '2021-03-07 22:40:21'),
(1111, 1, 215, '2021-03-07 22:40:26'),
(1114, 1, 215, '2021-03-07 22:40:29'),
(1034, 1, 216, '2021-03-07 22:41:06'),
(1140, 2, 216, '2021-03-07 22:41:11'),
(1113, 1, 216, '2021-03-07 22:41:20'),
(1162, 2, 216, '2021-03-07 22:41:49'),
(1015, 1, 216, '2021-03-07 22:41:52'),
(1016, 2, 216, '2021-03-07 22:41:56'),
(1018, 2, 216, '2021-03-07 22:42:09'),
(1050, 2, 216, '2021-03-07 22:42:20'),
(1051, 3, 216, '2021-03-07 22:42:59'),
(1015, 2, 217, '2021-03-07 22:45:12'),
(1021, 1, 217, '2021-03-07 22:45:19'),
(1104, 1, 217, '2021-03-07 22:45:27'),
(1140, 2, 218, '2021-03-07 22:49:19'),
(1056, 2, 218, '2021-03-07 22:49:45'),
(1043, 2, 218, '2021-03-07 22:49:49'),
(1044, 1, 218, '2021-03-07 22:50:02'),
(1043, 1, 219, '2021-03-07 22:50:30'),
(1140, 1, 219, '2021-03-07 22:50:33'),
(1034, 1, 219, '2021-03-07 22:50:36'),
(1040, 1, 220, '2021-03-07 22:51:05'),
(1034, 1, 220, '2021-03-07 22:51:11'),
(1033, 1, 220, '2021-03-07 22:51:14'),
(1053, 4, 220, '2021-03-07 22:51:18'),
(1150, 0, 220, '2021-03-07 22:51:21'),
(1051, 1, 220, '2021-03-07 22:51:30'),
(1043, 0, 221, '2021-03-07 22:52:01'),
(1140, 2, 221, '2021-03-07 22:52:05'),
(1104, 1, 221, '2021-03-07 22:52:11'),
(1040, 1, 222, '2021-03-07 22:52:41'),
(1035, 1, 222, '2021-03-07 22:52:44'),
(1034, 1, 222, '2021-03-07 22:52:50'),
(1053, 3, 222, '2021-03-07 22:52:55'),
(1140, 1, 222, '2021-03-07 22:52:58'),
(1047, 2, 223, '2021-03-07 22:53:25'),
(1149, 1, 223, '2021-03-07 22:53:28'),
(1047, 1, 224, '2021-03-07 22:53:51'),
(1038, 1, 224, '2021-03-07 22:53:54'),
(1056, 1, 224, '2021-03-07 22:53:57'),
(1114, 1, 224, '2021-03-07 22:54:00'),
(1033, 1, 225, '2021-03-07 22:54:31'),
(1034, 1, 225, '2021-03-07 22:54:34'),
(1140, 1, 225, '2021-03-07 22:54:37'),
(1056, 1, 225, '2021-03-07 22:54:40'),
(1104, 1, 225, '2021-03-07 22:54:44'),
(1152, 1, 226, '2021-03-07 22:55:27'),
(1047, 1, 226, '2021-03-07 22:55:30'),
(1034, 1, 226, '2021-03-07 22:57:47'),
(1153, 1, 226, '2021-03-07 22:57:54'),
(1032, 2, 226, '2021-03-07 22:58:01'),
(1318, 2, 226, '2021-03-07 22:58:21'),
(1014, 1, 227, '2021-03-07 22:58:59'),
(1047, 1, 227, '2021-03-07 22:59:41'),
(1008, 1, 227, '2021-03-07 22:59:48'),
(1233, 2, 227, '2021-03-07 23:00:03'),
(1018, 1, 227, '2021-03-07 23:00:05'),
(1104, 1, 217, '2021-03-07 23:00:37'),
(1034, 0, 228, '2021-03-07 23:01:11'),
(1140, 0, 228, '2021-03-07 23:01:17'),
(1113, 0, 228, '2021-03-07 23:01:22'),
(1016, 0, 228, '2021-03-07 23:01:28'),
(1018, 0, 228, '2021-03-07 23:01:35'),
(1051, 0, 228, '2021-03-07 23:01:45'),
(1062, 0, 228, '2021-03-07 23:01:53'),
(1050, 1, 228, '2021-03-07 23:02:04'),
(1053, 1, 229, '2021-03-07 23:03:36'),
(1060, 1, 229, '2021-03-07 23:03:59'),
(1031, 1, 229, '2021-03-07 23:04:04'),
(1032, 1, 229, '2021-03-07 23:04:14'),
(1149, 5, 230, '2021-03-07 23:05:00'),
(1022, 2, 230, '2021-03-07 23:05:04'),
(1033, 1, 230, '2021-03-07 23:05:07'),
(1014, 3, 230, '2021-03-07 23:05:10'),
(1015, 1, 230, '2021-03-07 23:05:13'),
(1149, 2, 231, '2021-03-07 23:05:37'),
(1047, 2, 231, '2021-03-07 23:05:40'),
(1007, 3, 232, '2021-03-07 23:06:06'),
(1047, 1, 232, '2021-03-07 23:06:16'),
(1152, 2, 232, '2021-03-07 23:06:20'),
(1022, 1, 232, '2021-03-07 23:06:24'),
(1015, 4, 232, '2021-03-07 23:06:28'),
(1016, 1, 232, '2021-03-07 23:06:31'),
(1149, 1, 232, '2021-03-07 23:06:33'),
(1104, 1, 201, '2021-03-07 23:07:17'),
(1140, 1, 219, '2021-03-07 23:07:46'),
(1062, 2, 220, '2021-03-07 23:08:10'),
(1034, 1, 220, '2021-03-07 23:08:13'),
(1153, 0, 220, '2021-03-07 23:08:17'),
(1034, 1, 225, '2021-03-07 23:08:36'),
(1140, 1, 225, '2021-03-07 23:08:38'),
(1062, 1, 225, '2021-03-07 23:08:42'),
(1047, 2, 221, '2021-03-07 23:09:10'),
(1040, 1, 221, '2021-03-07 23:09:15'),
(1140, 1, 221, '2021-03-07 23:10:19'),
(1053, 2, 192, '2021-03-07 23:12:11'),
(1014, 1, 192, '2021-03-07 23:12:16'),
(1031, 1, 192, '2021-03-07 23:12:20'),
(1113, 0, 192, '2021-03-07 23:12:47'),
(1112, 1, 192, '2021-03-07 23:13:03'),
(1152, 1, 208, '2021-03-07 23:13:36'),
(1047, 1, 200, '2021-03-07 23:14:12'),
(1149, 1, 200, '2021-03-07 23:14:18'),
(1212, 1, 200, '2021-03-07 23:14:40'),
(1043, 1, 218, '2021-03-07 23:15:02'),
(1053, 1, 218, '2021-03-07 23:15:06'),
(1034, 1, 234, '2021-03-07 23:18:03'),
(1140, 0, 234, '2021-03-07 23:18:10'),
(1113, 1, 234, '2021-03-07 23:18:14'),
(1016, 2, 234, '2021-03-07 23:19:19'),
(1051, 3, 234, '2021-03-07 23:19:27'),
(1050, 2, 234, '2021-03-07 23:19:36'),
(1062, 2, 234, '2021-03-07 23:19:54'),
(1015, 1, 234, '2021-03-07 23:19:57'),
(1149, 2, 234, '2021-03-07 23:21:29'),
(1152, 1, 232, '2021-03-07 23:22:34'),
(1149, 1, 232, '2021-03-07 23:22:36'),
(1149, 1, 235, '2021-03-07 23:23:21'),
(1053, 1, 235, '2021-03-07 23:23:26'),
(1034, 1, 235, '2021-03-07 23:23:31'),
(1047, 1, 203, '2021-03-07 23:23:56'),
(1104, 1, 203, '2021-03-07 23:24:06'),
(1034, 1, 207, '2021-03-07 23:25:00'),
(1047, 1, 211, '2021-03-07 23:25:21'),
(1040, 1, 211, '2021-03-07 23:25:24'),
(1053, 1, 211, '2021-03-07 23:25:26'),
(1152, 1, 211, '2021-03-07 23:25:29'),
(1014, 1, 209, '2021-03-07 23:26:33'),
(1019, 2, 209, '2021-03-07 23:26:35'),
(1149, 1, 209, '2021-03-07 23:26:38'),
(1140, 0, 205, '2021-03-07 23:27:03'),
(1149, 3, 202, '2021-03-07 23:27:28'),
(1043, 1, 236, '2021-03-07 23:27:53'),
(1140, 1, 236, '2021-03-07 23:27:55'),
(1022, 1, 236, '2021-03-07 23:27:58'),
(1114, 1, 220, '2021-03-07 23:33:12'),
(1022, 1, 237, '2021-03-07 23:35:07'),
(1031, 1, 237, '2021-03-07 23:35:18'),
(1096, 1, 237, '2021-03-07 23:35:35'),
(1149, 1, 209, '2021-03-07 23:54:52'),
(1140, 1, 221, '2021-03-07 23:55:54'),
(1111, 1, 238, '2021-03-08 00:01:43'),
(1019, 1, 238, '2021-03-08 00:01:45'),
(1033, 1, 238, '2021-03-08 00:01:48'),
(1104, 1, 238, '2021-03-08 00:01:57'),
(1150, 0, 239, '2021-03-08 00:02:26'),
(1047, 1, 205, '2021-03-08 00:02:54'),
(1040, 1, 205, '2021-03-08 00:02:57'),
(10, 1062, 205, '2021-03-08 00:11:50'),
(1062, 2, 205, '2021-03-08 00:12:22'),
(1233, 2, 236, '2021-03-08 00:45:46'),
(1149, 2, 241, '2021-03-08 20:59:37'),
(1142, 1, 240, '2021-03-08 20:57:29'),
(1104, 1, 240, '2021-03-08 20:57:23'),
(1014, 1, 240, '2021-03-08 20:57:01'),
(1039, 2, 240, '2021-03-08 20:56:36'),
(1040, 1, 241, '2021-03-08 20:59:56'),
(1149, 1, 240, '2021-03-08 21:08:23'),
(1140, 0, 240, '2021-03-08 21:20:01'),
(1048, 0, 240, '2021-03-08 21:20:05'),
(1036, 0, 240, '2021-03-08 21:20:07'),
(1140, 1, 242, '2021-03-08 21:20:40'),
(1048, 1, 242, '2021-03-08 21:20:42'),
(1036, 1, 242, '2021-03-08 21:20:45'),
(1154, 0, 243, '2021-03-08 21:30:13'),
(1044, 1, 243, '2021-03-08 21:34:21'),
(1043, 1, 243, '2021-03-08 21:34:25'),
(1048, 1, 244, '2021-03-08 21:36:05'),
(1149, 1, 244, '2021-03-08 21:36:09'),
(1047, 1, 245, '2021-03-08 21:36:55'),
(1015, 1, 245, '2021-03-08 21:36:57'),
(1059, 2, 245, '2021-03-08 21:37:08'),
(1049, 1, 246, '2021-03-08 21:51:05'),
(1047, 1, 246, '2021-03-08 21:51:08'),
(1014, 1, 247, '2021-03-08 21:51:35'),
(1011, 1, 247, '2021-03-08 21:51:37'),
(1011, 1, 247, '2021-03-08 21:51:41'),
(1048, 1, 247, '2021-03-08 21:51:46'),
(1096, 1, 247, '2021-03-08 21:52:06'),
(1048, 1, 248, '2021-03-08 21:52:33'),
(1153, 1, 248, '2021-03-08 21:52:59'),
(1015, 4, 248, '2021-03-08 21:53:57'),
(1056, 1, 248, '2021-03-08 21:54:03'),
(1040, 1, 249, '2021-03-08 22:01:32'),
(1035, 1, 249, '2021-03-08 22:01:34'),
(1022, 1, 249, '2021-03-08 22:01:38'),
(1032, 1, 249, '2021-03-08 22:01:41'),
(1053, 3, 249, '2021-03-08 22:01:44'),
(1112, 2, 249, '2021-03-08 22:01:48'),
(1036, 1, 250, '2021-03-08 22:03:46'),
(1034, 1, 250, '2021-03-08 22:03:50'),
(1048, 1, 250, '2021-03-08 22:03:54'),
(1154, 1, 243, '2021-03-08 22:12:03'),
(1055, 2, 251, '2021-03-08 22:13:50'),
(1150, 0, 251, '2021-03-08 22:13:56'),
(1040, 1, 251, '2021-03-08 22:14:01'),
(1031, 1, 251, '2021-03-08 22:14:06'),
(1034, 1, 251, '2021-03-08 22:14:09'),
(1117, 1, 251, '2021-03-08 22:15:25'),
(1315, 1, 250, '2021-03-08 22:19:06'),
(1015, 1, 252, '2021-03-08 22:20:17'),
(1043, 1, 252, '2021-03-08 22:21:27'),
(1149, 1, 252, '2021-03-08 22:21:32'),
(1039, 1, 253, '2021-03-08 22:22:07'),
(1036, 1, 253, '2021-03-08 22:22:10'),
(1152, 1, 253, '2021-03-08 22:22:13'),
(1040, 1, 253, '2021-03-08 22:22:15'),
(1149, 1, 254, '2021-03-08 22:22:45'),
(1150, 1, 254, '2021-03-08 22:22:49'),
(1062, 1, 254, '2021-03-08 22:22:52'),
(1019, 1, 254, '2021-03-08 22:22:54'),
(1015, 1, 254, '2021-03-08 22:22:59'),
(1039, 2, 254, '2021-03-08 22:23:02'),
(1047, 1, 254, '2021-03-08 22:23:05'),
(1031, 3, 255, '2021-03-08 22:23:33'),
(1033, 2, 255, '2021-03-08 22:23:37'),
(1048, 1, 255, '2021-03-08 22:23:40'),
(1053, 4, 255, '2021-03-08 22:23:47'),
(1055, 1, 255, '2021-03-08 22:23:52'),
(1031, 1, 256, '2021-03-08 22:24:38'),
(1104, 1, 256, '2021-03-08 22:24:43'),
(1018, 1, 256, '2021-03-08 22:24:47'),
(1022, 1, 256, '2021-03-08 22:24:54'),
(1140, 1, 256, '2021-03-08 22:24:58'),
(1053, 2, 256, '2021-03-08 22:25:03'),
(1048, 1, 256, '2021-03-08 22:25:08'),
(1047, 1, 256, '2021-03-08 22:25:12'),
(1034, 1, 256, '2021-03-08 22:25:14'),
(1053, 2, 256, '2021-03-08 22:25:19'),
(1104, 1, 256, '2021-03-08 22:26:26'),
(1104, 1, 257, '2021-03-08 22:27:18'),
(1149, 2, 257, '2021-03-08 22:27:22'),
(1047, 1, 257, '2021-03-08 22:27:24'),
(1039, 1, 257, '2021-03-08 22:27:27'),
(1036, 1, 257, '2021-03-08 22:27:29'),
(1015, 1, 257, '2021-03-08 22:27:32'),
(1014, 1, 257, '2021-03-08 22:27:34'),
(1022, 1, 258, '2021-03-08 22:28:16'),
(1031, 1, 258, '2021-03-08 22:28:28'),
(1114, 1, 258, '2021-03-08 22:28:38'),
(1044, 1, 258, '2021-03-08 22:28:42'),
(1315, 1, 259, '2021-03-08 22:39:01'),
(1033, 1, 259, '2021-03-08 22:39:02'),
(1048, 1, 259, '2021-03-08 22:39:05'),
(1036, 2, 260, '2021-03-08 22:39:31'),
(1047, 1, 260, '2021-03-08 22:39:33'),
(1048, 1, 260, '2021-03-08 22:39:36'),
(1021, 1, 260, '2021-03-08 22:39:40'),
(1015, 2, 260, '2021-03-08 22:39:44'),
(1149, 1, 260, '2021-03-08 22:39:46'),
(1104, 2, 260, '2021-03-08 22:39:50'),
(1223, 1, 260, '2021-03-08 22:39:55'),
(1023, 1, 260, '2021-03-08 22:40:20'),
(1036, 2, 261, '2021-03-08 22:40:52'),
(1140, 0, 261, '2021-03-08 22:40:54'),
(1053, 1, 261, '2021-03-08 22:40:56'),
(1149, 1, 261, '2021-03-08 22:40:59'),
(1154, 1, 261, '2021-03-08 22:41:07'),
(1035, 1, 262, '2021-03-08 22:41:27'),
(1036, 1, 262, '2021-03-08 22:41:29'),
(1149, 2, 262, '2021-03-08 22:41:31'),
(1149, 1, 248, '2021-03-08 22:41:56'),
(1048, 1, 263, '2021-03-08 22:42:40'),
(1034, 1, 263, '2021-03-08 22:42:42'),
(1152, 1, 263, '2021-03-08 22:42:44'),
(1034, 1, 264, '2021-03-08 22:43:53'),
(1043, 1, 264, '2021-03-08 22:43:56'),
(1111, 1, 264, '2021-03-08 22:43:58'),
(1053, 1, 264, '2021-03-08 22:44:01'),
(1021, 1, 265, '2021-03-08 22:45:16'),
(1014, 1, 265, '2021-03-08 22:45:21'),
(1153, 1, 265, '2021-03-08 22:45:27'),
(1053, 1, 265, '2021-03-08 22:45:53'),
(1053, 3, 249, '2021-03-08 22:46:27'),
(1241, 4, 249, '2021-03-08 22:46:34'),
(1303, 2, 266, '2021-03-08 22:51:45'),
(1011, 1, 266, '2021-03-08 22:51:48'),
(1021, 1, 266, '2021-03-08 22:51:52'),
(1032, 1, 266, '2021-03-08 22:51:58'),
(1040, 1, 266, '2021-03-08 22:52:03'),
(1040, 1, 267, '2021-03-08 22:55:44'),
(1023, 1, 267, '2021-03-08 22:56:09'),
(1039, 1, 267, '2021-03-08 22:57:18'),
(1014, 1, 267, '2021-03-08 22:57:29'),
(1111, 1, 267, '2021-03-08 22:57:34'),
(1104, 1, 267, '2021-03-08 22:57:40'),
(1053, 1, 268, '2021-03-08 22:59:08'),
(1045, 2, 268, '2021-03-08 22:59:24'),
(1007, 5, 268, '2021-03-08 22:59:32'),
(1111, 1, 268, '2021-03-08 22:59:35'),
(1044, 1, 268, '2021-03-08 22:59:46'),
(1032, 1, 268, '2021-03-08 22:59:50'),
(1040, 1, 268, '2021-03-08 23:00:04'),
(1018, 1, 268, '2021-03-08 23:00:10'),
(1011, 1, 268, '2021-03-08 23:00:13'),
(1037, 1, 268, '2021-03-08 23:00:21'),
(1022, 2, 269, '2021-03-08 23:01:47'),
(1048, 1, 269, '2021-03-08 23:01:51'),
(1044, 1, 269, '2021-03-08 23:01:54'),
(1104, 1, 269, '2021-03-08 23:01:59'),
(1241, 2, 269, '2021-03-08 23:02:02'),
(1240, 2, 269, '2021-03-08 23:02:06'),
(1053, 1, 255, '2021-03-08 23:02:35'),
(1149, 3, 270, '2021-03-08 23:03:06'),
(1047, 2, 270, '2021-03-08 23:03:09'),
(1019, 2, 270, '2021-03-08 23:03:12'),
(1014, 3, 270, '2021-03-08 23:03:46'),
(1038, 1, 270, '2021-03-08 23:04:11'),
(1021, 1, 270, '2021-03-08 23:04:16'),
(1053, 2, 270, '2021-03-08 23:04:18'),
(1140, 1, 242, '2021-03-08 23:04:46'),
(1035, 1, 271, '2021-03-08 23:06:53'),
(1016, 1, 271, '2021-03-08 23:06:55'),
(1152, 1, 271, '2021-03-08 23:06:58'),
(1104, 1, 246, '2021-03-08 23:09:12'),
(1031, 2, 246, '2021-03-08 23:09:14'),
(1038, 1, 246, '2021-03-08 23:09:17'),
(1049, 2, 246, '2021-03-08 23:09:22'),
(1014, 1, 246, '2021-03-08 23:09:24'),
(1149, 2, 246, '2021-03-08 23:13:55'),
(1007, 5, 268, '2021-03-08 23:23:05'),
(1113, 2, 268, '2021-03-08 23:23:17'),
(1152, 1, 263, '2021-03-08 23:24:07'),
(1200, 0, 272, '2021-03-08 23:24:35'),
(1211, 3, 272, '2021-03-08 23:24:40'),
(1241, 1, 250, '2021-03-08 23:39:05'),
(1211, 1, 250, '2021-03-08 23:39:48'),
(1211, 1, 261, '2021-03-08 23:40:18'),
(1040, 1, 261, '2021-03-08 23:43:15'),
(1241, 1, 253, '2021-03-08 23:49:10'),
(1211, 1, 248, '2021-03-08 23:50:52'),
(1104, 1, 273, '2021-03-08 23:54:22'),
(1034, 1, 273, '2021-03-08 23:54:54'),
(1035, 1, 273, '2021-03-08 23:55:28'),
(1062, 1, 248, '2021-03-09 00:13:14'),
(1149, 1, 274, '2021-03-09 00:19:53'),
(1234, 1, 274, '2021-03-09 00:20:24'),
(1149, 1, 274, '2021-03-09 00:20:29'),
(1048, 1, 274, '2021-03-09 00:20:33'),
(1241, 6, 267, '2021-03-09 00:31:44'),
(1224, 2, 270, '2021-03-09 00:35:08'),
(1226, 2, 270, '2021-03-09 00:35:17'),
(1211, 2, 270, '2021-03-09 00:35:21'),
(1036, 1, 256, '2021-03-09 00:44:39'),
(1140, 1, 256, '2021-03-09 00:45:09'),
(1241, 1, 256, '2021-03-09 00:45:12'),
(1224, 2, 273, '2021-03-09 01:13:32'),
(1206, 2, 275, '2021-03-09 01:20:01'),
(1211, 1, 275, '2021-03-09 01:20:04'),
(1048, 1, 276, '2021-03-10 21:16:56'),
(1038, 2, 276, '2021-03-10 21:17:04'),
(1053, 1, 276, '2021-03-10 21:17:08'),
(1153, 1, 276, '2021-03-10 21:17:12'),
(1014, 1, 277, '2021-03-10 21:27:22'),
(1016, 1, 277, '2021-03-10 21:27:25'),
(1097, 1, 277, '2021-03-10 21:27:33');
INSERT INTO `ventas` (`producto`, `cantidad`, `comanda`, `fecha`) VALUES
(1047, 1, 278, '2021-03-10 21:28:03'),
(1055, 1, 278, '2021-03-10 21:28:06'),
(1053, 1, 278, '2021-03-10 21:28:09'),
(1111, 0, 278, '2021-03-10 21:28:23'),
(1154, 2, 279, '2021-03-10 21:29:31'),
(1044, 1, 280, '2021-03-10 21:37:15'),
(1047, 1, 280, '2021-03-10 21:37:18'),
(1140, 1, 280, '2021-03-10 21:37:20'),
(1047, 0, 281, '2021-03-10 21:37:50'),
(1015, 1, 281, '2021-03-10 21:37:53'),
(1053, 0, 281, '2021-03-10 21:37:56'),
(1053, 1, 281, '2021-03-10 21:52:11'),
(1140, 1, 281, '2021-03-10 22:02:42'),
(1014, 1, 281, '2021-03-10 22:02:47'),
(1055, 1, 281, '2021-03-10 22:02:52'),
(1062, 0, 282, '2021-03-10 22:08:00'),
(1047, 1, 282, '2021-03-10 22:08:04'),
(1014, 1, 282, '2021-03-10 22:08:08'),
(1016, 1, 282, '2021-03-10 22:08:12'),
(1015, 1, 282, '2021-03-10 22:08:14'),
(1020, 1, 282, '2021-03-10 22:08:19'),
(1149, 1, 282, '2021-03-10 22:08:22'),
(1014, 2, 283, '2021-03-10 22:08:58'),
(1016, 1, 283, '2021-03-10 22:09:00'),
(1104, 1, 283, '2021-03-10 22:11:22'),
(1014, 1, 276, '2021-03-10 22:11:41'),
(1104, 1, 282, '2021-03-10 22:14:30'),
(1149, 1, 282, '2021-03-10 22:14:38'),
(1015, 1, 284, '2021-03-10 22:15:04'),
(1014, 1, 284, '2021-03-10 22:15:06'),
(1047, 1, 284, '2021-03-10 22:15:09'),
(1111, 1, 284, '2021-03-10 22:15:12'),
(1062, 1, 284, '2021-03-10 22:15:15'),
(1015, 2, 278, '2021-03-10 22:15:35'),
(1053, 1, 278, '2021-03-10 22:15:37'),
(1111, 1, 278, '2021-03-10 22:15:40'),
(1019, 1, 285, '2021-03-10 22:16:38'),
(1015, 1, 285, '2021-03-10 22:16:41'),
(1318, 1, 285, '2021-03-10 22:17:10'),
(1104, 1, 285, '2021-03-10 22:17:20'),
(1053, 3, 286, '2021-03-10 22:17:59'),
(1097, 1, 286, '2021-03-10 22:18:06'),
(1104, 1, 286, '2021-03-10 22:18:12'),
(1014, 2, 286, '2021-03-10 22:18:16'),
(1015, 1, 286, '2021-03-10 22:18:19'),
(1039, 1, 286, '2021-03-10 22:18:21'),
(1038, 1, 286, '2021-03-10 22:18:24'),
(1040, 1, 286, '2021-03-10 22:18:34'),
(1104, 1, 287, '2021-03-10 22:19:44'),
(1058, 3, 287, '2021-03-10 22:20:04'),
(1021, 1, 287, '2021-03-10 22:20:06'),
(1031, 1, 287, '2021-03-10 22:20:09'),
(1020, 2, 287, '2021-03-10 22:20:14'),
(1021, 1, 287, '2021-03-10 22:20:17'),
(1039, 1, 287, '2021-03-10 22:20:28'),
(1052, 1, 287, '2021-03-10 22:20:49'),
(1047, 1, 287, '2021-03-10 22:20:53'),
(1040, 1, 287, '2021-03-10 22:21:00'),
(1315, 1, 287, '2021-03-10 22:21:09'),
(1140, 1, 278, '2021-03-10 22:27:16'),
(1053, 1, 286, '2021-03-10 22:52:19'),
(1047, 1, 288, '2021-03-10 22:54:40'),
(1040, 1, 288, '2021-03-10 22:54:44'),
(1149, 2, 288, '2021-03-10 22:54:46'),
(1031, 1, 288, '2021-03-10 22:54:49'),
(1038, 4, 288, '2021-03-10 22:54:53'),
(1016, 1, 288, '2021-03-10 22:54:56'),
(1062, 1, 288, '2021-03-10 22:55:01'),
(1031, 1, 289, '2021-03-10 22:55:40'),
(1020, 1, 289, '2021-03-10 22:55:44'),
(1062, 1, 289, '2021-03-10 22:55:49'),
(1149, 1, 289, '2021-03-10 22:55:52'),
(1047, 1, 289, '2021-03-10 22:55:55'),
(1038, 1, 289, '2021-03-10 22:55:58'),
(1048, 1, 290, '2021-03-10 22:56:21'),
(1019, 1, 290, '2021-03-10 22:56:24'),
(1015, 1, 290, '2021-03-10 22:56:26'),
(1020, 1, 290, '2021-03-10 22:56:31'),
(1104, 1, 290, '2021-03-10 22:56:40'),
(1150, 1, 290, '2021-03-10 22:56:47'),
(1053, 1, 284, '2021-03-10 23:16:42'),
(1149, 2, 288, '2021-03-10 23:17:12'),
(1142, 0, 291, '2021-03-10 23:17:37'),
(1044, 1, 291, '2021-03-10 23:17:41'),
(1015, 1, 291, '2021-03-10 23:17:51'),
(1034, 1, 291, '2021-03-10 23:17:53'),
(1149, 2, 292, '2021-03-10 23:18:19'),
(1048, 1, 292, '2021-03-10 23:18:21'),
(1230, 2, 293, '2021-03-10 23:23:43'),
(1208, 1, 293, '2021-03-10 23:23:57'),
(1053, 1, 293, '2021-03-10 23:24:01'),
(1255, 2, 293, '2021-03-10 23:24:19'),
(1040, 1, 294, '2021-03-10 23:30:05'),
(1149, 1, 294, '2021-03-10 23:30:08'),
(1211, 1, 289, '2021-03-10 23:57:08'),
(1226, 1, 289, '2021-03-10 23:57:14'),
(1243, 1, 289, '2021-03-10 23:57:31'),
(1211, 1, 283, '2021-03-10 23:57:59'),
(1240, 2, 281, '2021-03-10 23:59:03'),
(1241, 1, 281, '2021-03-10 23:59:08'),
(1200, 1, 281, '2021-03-10 23:59:11'),
(1226, 1, 281, '2021-03-10 23:59:15'),
(1149, 2, 291, '2021-03-11 00:24:31'),
(1062, 1, 294, '2021-03-11 01:03:26'),
(1149, 0, 295, '2021-03-11 21:17:48'),
(1044, 0, 295, '2021-03-11 21:17:52'),
(1034, 0, 295, '2021-03-11 21:18:00'),
(1033, 1, 296, '2021-03-11 21:59:26'),
(1047, 1, 296, '2021-03-11 21:59:28'),
(1020, 1, 296, '2021-03-11 21:59:31'),
(1015, 1, 296, '2021-03-11 21:59:36'),
(1149, 1, 296, '2021-03-11 21:59:39'),
(1007, 1, 296, '2021-03-11 21:59:41'),
(1149, 1, 298, '2021-03-11 22:02:24'),
(1044, 1, 298, '2021-03-11 22:02:28'),
(1034, 1, 298, '2021-03-11 22:02:33'),
(1062, 1, 299, '2021-03-11 22:03:59'),
(1153, 1, 299, '2021-03-11 22:04:06'),
(1014, 1, 299, '2021-03-11 22:04:08'),
(1016, 1, 299, '2021-03-11 22:04:12'),
(1047, 1, 300, '2021-03-11 22:05:36'),
(1022, 0, 300, '2021-03-11 22:05:42'),
(1022, 0, 300, '2021-03-11 22:05:42'),
(1149, 1, 300, '2021-03-11 22:05:44'),
(1011, 9, 301, '2021-03-11 22:06:30'),
(1317, 1, 301, '2021-03-11 22:06:40'),
(1062, 1, 301, '2021-03-11 22:06:45'),
(1104, 1, 301, '2021-03-11 22:06:48'),
(1052, 2, 301, '2021-03-11 22:07:03'),
(1020, 1, 302, '2021-03-11 22:09:30'),
(1048, 1, 302, '2021-03-11 22:09:32'),
(1032, 1, 302, '2021-03-11 22:09:35'),
(1317, 0, 302, '2021-03-11 22:09:39'),
(1318, 1, 302, '2021-03-11 22:09:52'),
(1020, 0, 303, '2021-03-11 22:11:48'),
(1048, 0, 303, '2021-03-11 22:11:51'),
(1049, 1, 304, '2021-03-11 22:14:12'),
(1048, 1, 304, '2021-03-11 22:14:16'),
(1149, 1, 304, '2021-03-11 22:14:25'),
(1045, 1, 305, '2021-03-11 22:15:36'),
(1149, 1, 305, '2021-03-11 22:15:39'),
(1053, 1, 305, '2021-03-11 22:15:42'),
(1038, 1, 305, '2021-03-11 22:15:44'),
(1039, 1, 305, '2021-03-11 22:15:47'),
(1038, 1, 305, '2021-03-11 22:16:07'),
(1033, 1, 306, '2021-03-11 22:17:04'),
(1047, 1, 306, '2021-03-11 22:17:07'),
(1015, 1, 306, '2021-03-11 22:17:10'),
(1031, 1, 306, '2021-03-11 22:17:14'),
(1056, 1, 306, '2021-03-11 22:17:18'),
(1152, 1, 306, '2021-03-11 22:17:21'),
(1062, 1, 306, '2021-03-11 22:17:27'),
(1152, 1, 307, '2021-03-11 22:22:46'),
(1032, 2, 307, '2021-03-11 22:22:50'),
(1019, 1, 308, '2021-03-11 22:23:33'),
(1015, 2, 308, '2021-03-11 22:23:36'),
(1149, 1, 308, '2021-03-11 22:23:38'),
(1015, 1, 309, '2021-03-11 22:24:25'),
(1040, 1, 309, '2021-03-11 22:24:30'),
(1022, 2, 309, '2021-03-11 22:24:32'),
(1152, 0, 309, '2021-03-11 22:24:35'),
(1150, 2, 309, '2021-03-11 22:24:55'),
(1048, 1, 310, '2021-03-11 22:27:17'),
(1036, 1, 310, '2021-03-11 22:27:24'),
(1154, 1, 310, '2021-03-11 22:27:28'),
(1154, 1, 311, '2021-03-11 22:33:08'),
(1104, 1, 311, '2021-03-11 22:33:15'),
(1047, 1, 311, '2021-03-11 22:33:18'),
(1022, 1, 311, '2021-03-11 22:33:20'),
(1019, 1, 311, '2021-03-11 22:33:23'),
(1020, 1, 311, '2021-03-11 22:33:26'),
(1031, 2, 313, '2021-03-11 22:43:34'),
(1149, 1, 313, '2021-03-11 22:43:37'),
(1038, 3, 314, '2021-03-11 22:45:36'),
(1018, 1, 314, '2021-03-11 22:45:50'),
(1117, 2, 314, '2021-03-11 22:47:04'),
(1111, 2, 314, '2021-03-11 22:47:08'),
(1015, 3, 315, '2021-03-11 22:48:10'),
(1012, 1, 315, '2021-03-11 22:48:15'),
(1152, 2, 315, '2021-03-11 22:48:18'),
(1015, 2, 316, '2021-03-11 22:48:47'),
(1117, 1, 316, '2021-03-11 22:48:54'),
(1053, 1, 316, '2021-03-11 22:48:56'),
(1038, 2, 317, '2021-03-11 22:49:17'),
(1140, 1, 317, '2021-03-11 22:49:19'),
(1047, 1, 318, '2021-03-11 22:50:21'),
(1014, 1, 318, '2021-03-11 22:50:26'),
(1036, 1, 318, '2021-03-11 22:50:28'),
(1152, 1, 318, '2021-03-11 22:50:30'),
(1048, 1, 319, '2021-03-11 22:51:26'),
(1022, 1, 319, '2021-03-11 22:51:29'),
(1032, 1, 319, '2021-03-11 22:52:43'),
(1053, 1, 319, '2021-03-11 22:52:47'),
(1052, 1, 319, '2021-03-11 22:52:55'),
(1310, 1, 319, '2021-03-11 22:54:56'),
(1317, 1, 301, '2021-03-11 22:58:04'),
(1317, 1, 319, '2021-03-11 22:58:56'),
(1317, 1, 307, '2021-03-11 22:59:38'),
(1052, 1, 302, '2021-03-11 23:00:38'),
(1140, 1, 296, '2021-03-11 23:01:50'),
(1022, 1, 300, '2021-03-11 23:11:27'),
(1149, 1, 308, '2021-03-11 23:32:02'),
(1117, 4, 314, '2021-03-11 23:33:06'),
(1111, 1, 314, '2021-03-11 23:33:19'),
(1154, 1, 320, '2021-03-11 23:34:59'),
(1051, 2, 320, '2021-03-11 23:35:05'),
(1034, 1, 320, '2021-03-11 23:35:07'),
(1036, 1, 320, '2021-03-11 23:35:15'),
(1039, 1, 320, '2021-03-11 23:35:19'),
(1020, 1, 320, '2021-03-11 23:35:23'),
(1048, 1, 320, '2021-03-11 23:35:25'),
(1240, 2, 301, '2021-03-11 23:36:04'),
(1241, 2, 301, '2021-03-11 23:36:12'),
(1111, 1, 301, '2021-03-11 23:36:19'),
(1052, 1, 301, '2021-03-11 23:36:24'),
(1152, 1, 296, '2021-03-11 23:42:33'),
(1210, 1, 318, '2021-03-11 23:47:45'),
(1211, 1, 318, '2021-03-11 23:47:47'),
(1117, 2, 320, '2021-03-11 23:50:51'),
(1113, 1, 314, '2021-03-11 23:52:12'),
(1152, 2, 321, '2021-03-11 23:53:52'),
(1048, 1, 321, '2021-03-11 23:53:57'),
(1200, 1, 321, '2021-03-11 23:54:05'),
(1031, 1, 321, '2021-03-11 23:54:11'),
(1039, 2, 321, '2021-03-11 23:54:13'),
(1015, 1, 321, '2021-03-11 23:54:16'),
(1019, 1, 321, '2021-03-11 23:54:20'),
(1149, 1, 321, '2021-03-11 23:54:24'),
(1200, 1, 310, '2021-03-11 23:54:50'),
(1113, 1, 310, '2021-03-11 23:54:55'),
(1035, 1, 322, '2021-03-11 23:58:00'),
(1038, 1, 322, '2021-03-11 23:58:04'),
(1062, 1, 322, '2021-03-11 23:58:10'),
(1062, 1, 322, '2021-03-11 23:58:16'),
(1131, 1, 322, '2021-03-11 23:58:36'),
(1140, 1, 318, '2021-03-12 00:04:00'),
(1096, 1, 306, '2021-03-12 00:10:58'),
(1240, 2, 299, '2021-03-12 00:25:55'),
(1056, 1, 299, '2021-03-12 00:25:59'),
(1211, 2, 314, '2021-03-12 00:46:58'),
(1200, 2, 323, '2021-03-12 01:19:45'),
(1007, 1, 323, '2021-03-12 01:19:50'),
(1226, 1, 323, '2021-03-12 01:19:55'),
(1211, 1, 323, '2021-03-12 01:20:05'),
(1211, 1, 324, '2021-03-12 01:21:04'),
(1255, 1, 324, '2021-03-12 01:21:21'),
(1214, 1, 324, '2021-03-12 01:21:30'),
(1152, 1, 325, '2021-03-12 01:46:55'),
(1043, 1, 325, '2021-03-12 01:47:01'),
(1056, 1, 326, '2021-03-12 19:53:56'),
(1062, 1, 326, '2021-03-12 19:54:05'),
(1043, 1, 326, '2021-03-12 19:54:15'),
(1009, 1, 327, '2021-03-12 20:20:01'),
(1151, 1, 327, '2021-03-12 20:20:21'),
(1043, 1, 327, '2021-03-12 20:20:28');
COMMIT;

/*!40101 SET CHARACTER_SET_CLIENT=@OLD_CHARACTER_SET_CLIENT */;
/*!40101 SET CHARACTER_SET_RESULTS=@OLD_CHARACTER_SET_RESULTS */;
/*!40101 SET COLLATION_CONNECTION=@OLD_COLLATION_CONNECTION */;
